{"abilities": [{"ability": {"name": "sheer-force", "url": "https://pokeapi.co/api/v2/ability/125/"}, "is_hidden": false, "slot": 1}], "base_experience": 196, "forms": [{"name": "camerupt-mega", "url": "https://pokeapi.co/api/v2/pokemon-form/10189/"}], "game_indices": [{"game_index": 822, "version": {"name": "omega-ruby", "url": "https://pokeapi.co/api/v2/version/25/"}}], "height": 25, "held_items": [], "id": 10087, "is_default": false, "location_area_encounters": "https://pokeapi.co/api/v2/pokemon/10087/encounters", "moves": [{"move": {"name": "tackle", "url": "https://pokeapi.co/api/v2/move/33/"}, "version_group_details": [{"level_learned_at": 1, "move_learn_method": {"name": "level-up", "url": "https://pokeapi.co/api/v2/move-learn-method/1/"}, "version_group": {"name": "omega-ruby-alpha-sapphire", "url": "https://pokeapi.co/api/v2/version-group/16/"}}, {"level_learned_at": 1, "move_learn_method": {"name": "level-up", "url": "https://pokeapi.co/api/v2/move-learn-method/1/"}, "version_group": {"name": "sun-moon", "url": "https://pokeapi.co/api/v2/version-group/17/"}}, {"level_learned_at": 1, "move_learn_method": {"name": "level-up", "url": "https://pokeapi.co/api/v2/move-learn-method/1/"}, "version_group": {"name": "ultra-sun-ultra-moon", "url": "https://pokeapi.co/api/v2/version-group/18/"}}]}, {"move": {"name": "take-down", "url": "https://pokeapi.co/api/v2/move/36/"}, "version_group_details": [{"level_learned_at": 31, "move_learn_method": {"name": "level-up", "url": "https://pokeapi.co/api/v2/move-learn-method/1/"}, "version_group": {"name": "omega-ruby-alpha-sapphire", "url": "https://pokeapi.co/api/v2/version-group/16/"}}, {"level_learned_at": 31, "move_learn_method": {"name": "level-up", "url": "https://pokeapi.co/api/v2/move-learn-method/1/"}, "version_group": {"name": "sun-moon", "url": "https://pokeapi.co/api/v2/version-group/17/"}}, {"level_learned_at": 31, "move_learn_method": {"name": "level-up", "url": "https://pokeapi.co/api/v2/move-learn-method/1/"}, "version_group": {"name": "ultra-sun-ultra-moon", "url": "https://pokeapi.co/api/v2/version-group/18/"}}]}, {"move": {"name": "growl", "url": "https://pokeapi.co/api/v2/move/45/"}, "version_group_details": [{"level_learned_at": 1, "move_learn_method": {"name": "level-up", "url": "https://pokeapi.co/api/v2/move-learn-method/1/"}, "version_group": {"name": "omega-ruby-alpha-sapphire", "url": "https://pokeapi.co/api/v2/version-group/16/"}}, {"level_learned_at": 1, "move_learn_method": {"name": "level-up", "url": "https://pokeapi.co/api/v2/move-learn-method/1/"}, "version_group": {"name": "sun-moon", "url": "https://pokeapi.co/api/v2/version-group/17/"}}, {"level_learned_at": 1, "move_learn_method": {"name": "level-up", "url": "https://pokeapi.co/api/v2/move-learn-method/1/"}, "version_group": {"name": "ultra-sun-ultra-moon", "url": "https://pokeapi.co/api/v2/version-group/18/"}}]}, {"move": {"name": "roar", "url": "https://pokeapi.co/api/v2/move/46/"}, "version_group_details": [{"level_learned_at": 0, "move_learn_method": {"name": "machine", "url": "https://pokeapi.co/api/v2/move-learn-method/4/"}, "version_group": {"name": "omega-ruby-alpha-sapphire", "url": "https://pokeapi.co/api/v2/version-group/16/"}}, {"level_learned_at": 0, "move_learn_method": {"name": "machine", "url": "https://pokeapi.co/api/v2/move-learn-method/4/"}, "version_group": {"name": "sun-moon", "url": "https://pokeapi.co/api/v2/version-group/17/"}}, {"level_learned_at": 0, "move_learn_method": {"name": "machine", "url": "https://pokeapi.co/api/v2/move-learn-method/4/"}, "version_group": {"name": "ultra-sun-ultra-moon", "url": "https://pokeapi.co/api/v2/version-group/18/"}}]}, {"move": {"name": "ember", "url": "https://pokeapi.co/api/v2/move/52/"}, "version_group_details": [{"level_learned_at": 1, "move_learn_method": {"name": "level-up", "url": "https://pokeapi.co/api/v2/move-learn-method/1/"}, "version_group": {"name": "omega-ruby-alpha-sapphire", "url": "https://pokeapi.co/api/v2/version-group/16/"}}, {"level_learned_at": 5, "move_learn_method": {"name": "level-up", "url": "https://pokeapi.co/api/v2/move-learn-method/1/"}, "version_group": {"name": "omega-ruby-alpha-sapphire", "url": "https://pokeapi.co/api/v2/version-group/16/"}}, {"level_learned_at": 1, "move_learn_method": {"name": "level-up", "url": "https://pokeapi.co/api/v2/move-learn-method/1/"}, "version_group": {"name": "sun-moon", "url": "https://pokeapi.co/api/v2/version-group/17/"}}, {"level_learned_at": 5, "move_learn_method": {"name": "level-up", "url": "https://pokeapi.co/api/v2/move-learn-method/1/"}, "version_group": {"name": "sun-moon", "url": "https://pokeapi.co/api/v2/version-group/17/"}}, {"level_learned_at": 1, "move_learn_method": {"name": "level-up", "url": "https://pokeapi.co/api/v2/move-learn-method/1/"}, "version_group": {"name": "ultra-sun-ultra-moon", "url": "https://pokeapi.co/api/v2/version-group/18/"}}, {"level_learned_at": 5, "move_learn_method": {"name": "level-up", "url": "https://pokeapi.co/api/v2/move-learn-method/1/"}, "version_group": {"name": "ultra-sun-ultra-moon", "url": "https://pokeapi.co/api/v2/version-group/18/"}}]}, {"move": {"name": "flamethrower", "url": "https://pokeapi.co/api/v2/move/53/"}, "version_group_details": [{"level_learned_at": 0, "move_learn_method": {"name": "machine", "url": "https://pokeapi.co/api/v2/move-learn-method/4/"}, "version_group": {"name": "omega-ruby-alpha-sapphire", "url": "https://pokeapi.co/api/v2/version-group/16/"}}, {"level_learned_at": 0, "move_learn_method": {"name": "machine", "url": "https://pokeapi.co/api/v2/move-learn-method/4/"}, "version_group": {"name": "sun-moon", "url": "https://pokeapi.co/api/v2/version-group/17/"}}, {"level_learned_at": 0, "move_learn_method": {"name": "machine", "url": "https://pokeapi.co/api/v2/move-learn-method/4/"}, "version_group": {"name": "ultra-sun-ultra-moon", "url": "https://pokeapi.co/api/v2/version-group/18/"}}]}, {"move": {"name": "hyper-beam", "url": "https://pokeapi.co/api/v2/move/63/"}, "version_group_details": [{"level_learned_at": 0, "move_learn_method": {"name": "machine", "url": "https://pokeapi.co/api/v2/move-learn-method/4/"}, "version_group": {"name": "omega-ruby-alpha-sapphire", "url": "https://pokeapi.co/api/v2/version-group/16/"}}, {"level_learned_at": 0, "move_learn_method": {"name": "machine", "url": "https://pokeapi.co/api/v2/move-learn-method/4/"}, "version_group": {"name": "sun-moon", "url": "https://pokeapi.co/api/v2/version-group/17/"}}, {"level_learned_at": 0, "move_learn_method": {"name": "machine", "url": "https://pokeapi.co/api/v2/move-learn-method/4/"}, "version_group": {"name": "ultra-sun-ultra-moon", "url": "https://pokeapi.co/api/v2/version-group/18/"}}]}, {"move": {"name": "strength", "url": "https://pokeapi.co/api/v2/move/70/"}, "version_group_details": [{"level_learned_at": 0, "move_learn_method": {"name": "machine", "url": "https://pokeapi.co/api/v2/move-learn-method/4/"}, "version_group": {"name": "omega-ruby-alpha-sapphire", "url": "https://pokeapi.co/api/v2/version-group/16/"}}]}, {"move": {"name": "solar-beam", "url": "https://pokeapi.co/api/v2/move/76/"}, "version_group_details": [{"level_learned_at": 0, "move_learn_method": {"name": "machine", "url": "https://pokeapi.co/api/v2/move-learn-method/4/"}, "version_group": {"name": "omega-ruby-alpha-sapphire", "url": "https://pokeapi.co/api/v2/version-group/16/"}}, {"level_learned_at": 0, "move_learn_method": {"name": "machine", "url": "https://pokeapi.co/api/v2/move-learn-method/4/"}, "version_group": {"name": "sun-moon", "url": "https://pokeapi.co/api/v2/version-group/17/"}}, {"level_learned_at": 0, "move_learn_method": {"name": "machine", "url": "https://pokeapi.co/api/v2/move-learn-method/4/"}, "version_group": {"name": "ultra-sun-ultra-moon", "url": "https://pokeapi.co/api/v2/version-group/18/"}}]}, {"move": {"name": "earthquake", "url": "https://pokeapi.co/api/v2/move/89/"}, "version_group_details": [{"level_learned_at": 46, "move_learn_method": {"name": "level-up", "url": "https://pokeapi.co/api/v2/move-learn-method/1/"}, "version_group": {"name": "omega-ruby-alpha-sapphire", "url": "https://pokeapi.co/api/v2/version-group/16/"}}, {"level_learned_at": 0, "move_learn_method": {"name": "machine", "url": "https://pokeapi.co/api/v2/move-learn-method/4/"}, "version_group": {"name": "omega-ruby-alpha-sapphire", "url": "https://pokeapi.co/api/v2/version-group/16/"}}, {"level_learned_at": 46, "move_learn_method": {"name": "level-up", "url": "https://pokeapi.co/api/v2/move-learn-method/1/"}, "version_group": {"name": "sun-moon", "url": "https://pokeapi.co/api/v2/version-group/17/"}}, {"level_learned_at": 0, "move_learn_method": {"name": "machine", "url": "https://pokeapi.co/api/v2/move-learn-method/4/"}, "version_group": {"name": "sun-moon", "url": "https://pokeapi.co/api/v2/version-group/17/"}}, {"level_learned_at": 46, "move_learn_method": {"name": "level-up", "url": "https://pokeapi.co/api/v2/move-learn-method/1/"}, "version_group": {"name": "ultra-sun-ultra-moon", "url": "https://pokeapi.co/api/v2/version-group/18/"}}, {"level_learned_at": 0, "move_learn_method": {"name": "machine", "url": "https://pokeapi.co/api/v2/move-learn-method/4/"}, "version_group": {"name": "ultra-sun-ultra-moon", "url": "https://pokeapi.co/api/v2/version-group/18/"}}]}, {"move": {"name": "fissure", "url": "https://pokeapi.co/api/v2/move/90/"}, "version_group_details": [{"level_learned_at": 1, "move_learn_method": {"name": "level-up", "url": "https://pokeapi.co/api/v2/move-learn-method/1/"}, "version_group": {"name": "omega-ruby-alpha-sapphire", "url": "https://pokeapi.co/api/v2/version-group/16/"}}, {"level_learned_at": 59, "move_learn_method": {"name": "level-up", "url": "https://pokeapi.co/api/v2/move-learn-method/1/"}, "version_group": {"name": "omega-ruby-alpha-sapphire", "url": "https://pokeapi.co/api/v2/version-group/16/"}}, {"level_learned_at": 1, "move_learn_method": {"name": "level-up", "url": "https://pokeapi.co/api/v2/move-learn-method/1/"}, "version_group": {"name": "sun-moon", "url": "https://pokeapi.co/api/v2/version-group/17/"}}, {"level_learned_at": 59, "move_learn_method": {"name": "level-up", "url": "https://pokeapi.co/api/v2/move-learn-method/1/"}, "version_group": {"name": "sun-moon", "url": "https://pokeapi.co/api/v2/version-group/17/"}}, {"level_learned_at": 1, "move_learn_method": {"name": "level-up", "url": "https://pokeapi.co/api/v2/move-learn-method/1/"}, "version_group": {"name": "ultra-sun-ultra-moon", "url": "https://pokeapi.co/api/v2/version-group/18/"}}, {"level_learned_at": 59, "move_learn_method": {"name": "level-up", "url": "https://pokeapi.co/api/v2/move-learn-method/1/"}, "version_group": {"name": "ultra-sun-ultra-moon", "url": "https://pokeapi.co/api/v2/version-group/18/"}}]}, {"move": {"name": "dig", "url": "https://pokeapi.co/api/v2/move/91/"}, "version_group_details": [{"level_learned_at": 0, "move_learn_method": {"name": "machine", "url": "https://pokeapi.co/api/v2/move-learn-method/4/"}, "version_group": {"name": "omega-ruby-alpha-sapphire", "url": "https://pokeapi.co/api/v2/version-group/16/"}}]}, {"move": {"name": "toxic", "url": "https://pokeapi.co/api/v2/move/92/"}, "version_group_details": [{"level_learned_at": 0, "move_learn_method": {"name": "machine", "url": "https://pokeapi.co/api/v2/move-learn-method/4/"}, "version_group": {"name": "omega-ruby-alpha-sapphire", "url": "https://pokeapi.co/api/v2/version-group/16/"}}, {"level_learned_at": 0, "move_learn_method": {"name": "machine", "url": "https://pokeapi.co/api/v2/move-learn-method/4/"}, "version_group": {"name": "sun-moon", "url": "https://pokeapi.co/api/v2/version-group/17/"}}, {"level_learned_at": 0, "move_learn_method": {"name": "machine", "url": "https://pokeapi.co/api/v2/move-learn-method/4/"}, "version_group": {"name": "ultra-sun-ultra-moon", "url": "https://pokeapi.co/api/v2/version-group/18/"}}]}, {"move": {"name": "double-team", "url": "https://pokeapi.co/api/v2/move/104/"}, "version_group_details": [{"level_learned_at": 0, "move_learn_method": {"name": "machine", "url": "https://pokeapi.co/api/v2/move-learn-method/4/"}, "version_group": {"name": "omega-ruby-alpha-sapphire", "url": "https://pokeapi.co/api/v2/version-group/16/"}}, {"level_learned_at": 0, "move_learn_method": {"name": "machine", "url": "https://pokeapi.co/api/v2/move-learn-method/4/"}, "version_group": {"name": "sun-moon", "url": "https://pokeapi.co/api/v2/version-group/17/"}}, {"level_learned_at": 0, "move_learn_method": {"name": "machine", "url": "https://pokeapi.co/api/v2/move-learn-method/4/"}, "version_group": {"name": "ultra-sun-ultra-moon", "url": "https://pokeapi.co/api/v2/version-group/18/"}}]}, {"move": {"name": "focus-energy", "url": "https://pokeapi.co/api/v2/move/116/"}, "version_group_details": [{"level_learned_at": 1, "move_learn_method": {"name": "level-up", "url": "https://pokeapi.co/api/v2/move-learn-method/1/"}, "version_group": {"name": "omega-ruby-alpha-sapphire", "url": "https://pokeapi.co/api/v2/version-group/16/"}}, {"level_learned_at": 8, "move_learn_method": {"name": "level-up", "url": "https://pokeapi.co/api/v2/move-learn-method/1/"}, "version_group": {"name": "omega-ruby-alpha-sapphire", "url": "https://pokeapi.co/api/v2/version-group/16/"}}, {"level_learned_at": 1, "move_learn_method": {"name": "level-up", "url": "https://pokeapi.co/api/v2/move-learn-method/1/"}, "version_group": {"name": "sun-moon", "url": "https://pokeapi.co/api/v2/version-group/17/"}}, {"level_learned_at": 8, "move_learn_method": {"name": "level-up", "url": "https://pokeapi.co/api/v2/move-learn-method/1/"}, "version_group": {"name": "sun-moon", "url": "https://pokeapi.co/api/v2/version-group/17/"}}, {"level_learned_at": 1, "move_learn_method": {"name": "level-up", "url": "https://pokeapi.co/api/v2/move-learn-method/1/"}, "version_group": {"name": "ultra-sun-ultra-moon", "url": "https://pokeapi.co/api/v2/version-group/18/"}}, {"level_learned_at": 8, "move_learn_method": {"name": "level-up", "url": "https://pokeapi.co/api/v2/move-learn-method/1/"}, "version_group": {"name": "ultra-sun-ultra-moon", "url": "https://pokeapi.co/api/v2/version-group/18/"}}]}, {"move": {"name": "fire-blast", "url": "https://pokeapi.co/api/v2/move/126/"}, "version_group_details": [{"level_learned_at": 0, "move_learn_method": {"name": "machine", "url": "https://pokeapi.co/api/v2/move-learn-method/4/"}, "version_group": {"name": "omega-ruby-alpha-sapphire", "url": "https://pokeapi.co/api/v2/version-group/16/"}}, {"level_learned_at": 0, "move_learn_method": {"name": "machine", "url": "https://pokeapi.co/api/v2/move-learn-method/4/"}, "version_group": {"name": "sun-moon", "url": "https://pokeapi.co/api/v2/version-group/17/"}}, {"level_learned_at": 0, "move_learn_method": {"name": "machine", "url": "https://pokeapi.co/api/v2/move-learn-method/4/"}, "version_group": {"name": "ultra-sun-ultra-moon", "url": "https://pokeapi.co/api/v2/version-group/18/"}}]}, {"move": {"name": "amnesia", "url": "https://pokeapi.co/api/v2/move/133/"}, "version_group_details": [{"level_learned_at": 19, "move_learn_method": {"name": "level-up", "url": "https://pokeapi.co/api/v2/move-learn-method/1/"}, "version_group": {"name": "omega-ruby-alpha-sapphire", "url": "https://pokeapi.co/api/v2/version-group/16/"}}, {"level_learned_at": 19, "move_learn_method": {"name": "level-up", "url": "https://pokeapi.co/api/v2/move-learn-method/1/"}, "version_group": {"name": "sun-moon", "url": "https://pokeapi.co/api/v2/version-group/17/"}}, {"level_learned_at": 19, "move_learn_method": {"name": "level-up", "url": "https://pokeapi.co/api/v2/move-learn-method/1/"}, "version_group": {"name": "ultra-sun-ultra-moon", "url": "https://pokeapi.co/api/v2/version-group/18/"}}]}, {"move": {"name": "explosion", "url": "https://pokeapi.co/api/v2/move/153/"}, "version_group_details": [{"level_learned_at": 0, "move_learn_method": {"name": "machine", "url": "https://pokeapi.co/api/v2/move-learn-method/4/"}, "version_group": {"name": "omega-ruby-alpha-sapphire", "url": "https://pokeapi.co/api/v2/version-group/16/"}}, {"level_learned_at": 0, "move_learn_method": {"name": "machine", "url": "https://pokeapi.co/api/v2/move-learn-method/4/"}, "version_group": {"name": "sun-moon", "url": "https://pokeapi.co/api/v2/version-group/17/"}}, {"level_learned_at": 0, "move_learn_method": {"name": "machine", "url": "https://pokeapi.co/api/v2/move-learn-method/4/"}, "version_group": {"name": "ultra-sun-ultra-moon", "url": "https://pokeapi.co/api/v2/version-group/18/"}}]}, {"move": {"name": "rest", "url": "https://pokeapi.co/api/v2/move/156/"}, "version_group_details": [{"level_learned_at": 0, "move_learn_method": {"name": "machine", "url": "https://pokeapi.co/api/v2/move-learn-method/4/"}, "version_group": {"name": "omega-ruby-alpha-sapphire", "url": "https://pokeapi.co/api/v2/version-group/16/"}}, {"level_learned_at": 0, "move_learn_method": {"name": "machine", "url": "https://pokeapi.co/api/v2/move-learn-method/4/"}, "version_group": {"name": "sun-moon", "url": "https://pokeapi.co/api/v2/version-group/17/"}}, {"level_learned_at": 0, "move_learn_method": {"name": "machine", "url": "https://pokeapi.co/api/v2/move-learn-method/4/"}, "version_group": {"name": "ultra-sun-ultra-moon", "url": "https://pokeapi.co/api/v2/version-group/18/"}}]}, {"move": {"name": "rock-slide", "url": "https://pokeapi.co/api/v2/move/157/"}, "version_group_details": [{"level_learned_at": 33, "move_learn_method": {"name": "level-up", "url": "https://pokeapi.co/api/v2/move-learn-method/1/"}, "version_group": {"name": "omega-ruby-alpha-sapphire", "url": "https://pokeapi.co/api/v2/version-group/16/"}}, {"level_learned_at": 0, "move_learn_method": {"name": "machine", "url": "https://pokeapi.co/api/v2/move-learn-method/4/"}, "version_group": {"name": "omega-ruby-alpha-sapphire", "url": "https://pokeapi.co/api/v2/version-group/16/"}}, {"level_learned_at": 0, "move_learn_method": {"name": "level-up", "url": "https://pokeapi.co/api/v2/move-learn-method/1/"}, "version_group": {"name": "sun-moon", "url": "https://pokeapi.co/api/v2/version-group/17/"}}, {"level_learned_at": 1, "move_learn_method": {"name": "level-up", "url": "https://pokeapi.co/api/v2/move-learn-method/1/"}, "version_group": {"name": "sun-moon", "url": "https://pokeapi.co/api/v2/version-group/17/"}}, {"level_learned_at": 0, "move_learn_method": {"name": "machine", "url": "https://pokeapi.co/api/v2/move-learn-method/4/"}, "version_group": {"name": "sun-moon", "url": "https://pokeapi.co/api/v2/version-group/17/"}}, {"level_learned_at": 0, "move_learn_method": {"name": "level-up", "url": "https://pokeapi.co/api/v2/move-learn-method/1/"}, "version_group": {"name": "ultra-sun-ultra-moon", "url": "https://pokeapi.co/api/v2/version-group/18/"}}, {"level_learned_at": 1, "move_learn_method": {"name": "level-up", "url": "https://pokeapi.co/api/v2/move-learn-method/1/"}, "version_group": {"name": "ultra-sun-ultra-moon", "url": "https://pokeapi.co/api/v2/version-group/18/"}}, {"level_learned_at": 0, "move_learn_method": {"name": "machine", "url": "https://pokeapi.co/api/v2/move-learn-method/4/"}, "version_group": {"name": "ultra-sun-ultra-moon", "url": "https://pokeapi.co/api/v2/version-group/18/"}}]}, {"move": {"name": "substitute", "url": "https://pokeapi.co/api/v2/move/164/"}, "version_group_details": [{"level_learned_at": 0, "move_learn_method": {"name": "machine", "url": "https://pokeapi.co/api/v2/move-learn-method/4/"}, "version_group": {"name": "omega-ruby-alpha-sapphire", "url": "https://pokeapi.co/api/v2/version-group/16/"}}, {"level_learned_at": 0, "move_learn_method": {"name": "machine", "url": "https://pokeapi.co/api/v2/move-learn-method/4/"}, "version_group": {"name": "sun-moon", "url": "https://pokeapi.co/api/v2/version-group/17/"}}, {"level_learned_at": 0, "move_learn_method": {"name": "machine", "url": "https://pokeapi.co/api/v2/move-learn-method/4/"}, "version_group": {"name": "ultra-sun-ultra-moon", "url": "https://pokeapi.co/api/v2/version-group/18/"}}]}, {"move": {"name": "snore", "url": "https://pokeapi.co/api/v2/move/173/"}, "version_group_details": [{"level_learned_at": 0, "move_learn_method": {"name": "tutor", "url": "https://pokeapi.co/api/v2/move-learn-method/3/"}, "version_group": {"name": "omega-ruby-alpha-sapphire", "url": "https://pokeapi.co/api/v2/version-group/16/"}}]}, {"move": {"name": "curse", "url": "https://pokeapi.co/api/v2/move/174/"}, "version_group_details": [{"level_learned_at": 29, "move_learn_method": {"name": "level-up", "url": "https://pokeapi.co/api/v2/move-learn-method/1/"}, "version_group": {"name": "omega-ruby-alpha-sapphire", "url": "https://pokeapi.co/api/v2/version-group/16/"}}, {"level_learned_at": 29, "move_learn_method": {"name": "level-up", "url": "https://pokeapi.co/api/v2/move-learn-method/1/"}, "version_group": {"name": "sun-moon", "url": "https://pokeapi.co/api/v2/version-group/17/"}}, {"level_learned_at": 29, "move_learn_method": {"name": "level-up", "url": "https://pokeapi.co/api/v2/move-learn-method/1/"}, "version_group": {"name": "ultra-sun-ultra-moon", "url": "https://pokeapi.co/api/v2/version-group/18/"}}]}, {"move": {"name": "protect", "url": "https://pokeapi.co/api/v2/move/182/"}, "version_group_details": [{"level_learned_at": 0, "move_learn_method": {"name": "machine", "url": "https://pokeapi.co/api/v2/move-learn-method/4/"}, "version_group": {"name": "omega-ruby-alpha-sapphire", "url": "https://pokeapi.co/api/v2/version-group/16/"}}, {"level_learned_at": 0, "move_learn_method": {"name": "machine", "url": "https://pokeapi.co/api/v2/move-learn-method/4/"}, "version_group": {"name": "sun-moon", "url": "https://pokeapi.co/api/v2/version-group/17/"}}, {"level_learned_at": 0, "move_learn_method": {"name": "machine", "url": "https://pokeapi.co/api/v2/move-learn-method/4/"}, "version_group": {"name": "ultra-sun-ultra-moon", "url": "https://pokeapi.co/api/v2/version-group/18/"}}]}, {"move": {"name": "sandstorm", "url": "https://pokeapi.co/api/v2/move/201/"}, "version_group_details": [{"level_learned_at": 0, "move_learn_method": {"name": "machine", "url": "https://pokeapi.co/api/v2/move-learn-method/4/"}, "version_group": {"name": "omega-ruby-alpha-sapphire", "url": "https://pokeapi.co/api/v2/version-group/16/"}}, {"level_learned_at": 0, "move_learn_method": {"name": "machine", "url": "https://pokeapi.co/api/v2/move-learn-method/4/"}, "version_group": {"name": "sun-moon", "url": "https://pokeapi.co/api/v2/version-group/17/"}}, {"level_learned_at": 0, "move_learn_method": {"name": "machine", "url": "https://pokeapi.co/api/v2/move-learn-method/4/"}, "version_group": {"name": "ultra-sun-ultra-moon", "url": "https://pokeapi.co/api/v2/version-group/18/"}}]}, {"move": {"name": "swagger", "url": "https://pokeapi.co/api/v2/move/207/"}, "version_group_details": [{"level_learned_at": 0, "move_learn_method": {"name": "machine", "url": "https://pokeapi.co/api/v2/move-learn-method/4/"}, "version_group": {"name": "omega-ruby-alpha-sapphire", "url": "https://pokeapi.co/api/v2/version-group/16/"}}, {"level_learned_at": 0, "move_learn_method": {"name": "machine", "url": "https://pokeapi.co/api/v2/move-learn-method/4/"}, "version_group": {"name": "sun-moon", "url": "https://pokeapi.co/api/v2/version-group/17/"}}, {"level_learned_at": 0, "move_learn_method": {"name": "machine", "url": "https://pokeapi.co/api/v2/move-learn-method/4/"}, "version_group": {"name": "ultra-sun-ultra-moon", "url": "https://pokeapi.co/api/v2/version-group/18/"}}]}, {"move": {"name": "attract", "url": "https://pokeapi.co/api/v2/move/213/"}, "version_group_details": [{"level_learned_at": 0, "move_learn_method": {"name": "machine", "url": "https://pokeapi.co/api/v2/move-learn-method/4/"}, "version_group": {"name": "omega-ruby-alpha-sapphire", "url": "https://pokeapi.co/api/v2/version-group/16/"}}, {"level_learned_at": 0, "move_learn_method": {"name": "machine", "url": "https://pokeapi.co/api/v2/move-learn-method/4/"}, "version_group": {"name": "sun-moon", "url": "https://pokeapi.co/api/v2/version-group/17/"}}, {"level_learned_at": 0, "move_learn_method": {"name": "machine", "url": "https://pokeapi.co/api/v2/move-learn-method/4/"}, "version_group": {"name": "ultra-sun-ultra-moon", "url": "https://pokeapi.co/api/v2/version-group/18/"}}]}, {"move": {"name": "sleep-talk", "url": "https://pokeapi.co/api/v2/move/214/"}, "version_group_details": [{"level_learned_at": 0, "move_learn_method": {"name": "machine", "url": "https://pokeapi.co/api/v2/move-learn-method/4/"}, "version_group": {"name": "omega-ruby-alpha-sapphire", "url": "https://pokeapi.co/api/v2/version-group/16/"}}, {"level_learned_at": 0, "move_learn_method": {"name": "machine", "url": "https://pokeapi.co/api/v2/move-learn-method/4/"}, "version_group": {"name": "sun-moon", "url": "https://pokeapi.co/api/v2/version-group/17/"}}, {"level_learned_at": 0, "move_learn_method": {"name": "machine", "url": "https://pokeapi.co/api/v2/move-learn-method/4/"}, "version_group": {"name": "ultra-sun-ultra-moon", "url": "https://pokeapi.co/api/v2/version-group/18/"}}]}, {"move": {"name": "return", "url": "https://pokeapi.co/api/v2/move/216/"}, "version_group_details": [{"level_learned_at": 0, "move_learn_method": {"name": "machine", "url": "https://pokeapi.co/api/v2/move-learn-method/4/"}, "version_group": {"name": "omega-ruby-alpha-sapphire", "url": "https://pokeapi.co/api/v2/version-group/16/"}}, {"level_learned_at": 0, "move_learn_method": {"name": "machine", "url": "https://pokeapi.co/api/v2/move-learn-method/4/"}, "version_group": {"name": "sun-moon", "url": "https://pokeapi.co/api/v2/version-group/17/"}}, {"level_learned_at": 0, "move_learn_method": {"name": "machine", "url": "https://pokeapi.co/api/v2/move-learn-method/4/"}, "version_group": {"name": "ultra-sun-ultra-moon", "url": "https://pokeapi.co/api/v2/version-group/18/"}}]}, {"move": {"name": "frustration", "url": "https://pokeapi.co/api/v2/move/218/"}, "version_group_details": [{"level_learned_at": 0, "move_learn_method": {"name": "machine", "url": "https://pokeapi.co/api/v2/move-learn-method/4/"}, "version_group": {"name": "omega-ruby-alpha-sapphire", "url": "https://pokeapi.co/api/v2/version-group/16/"}}, {"level_learned_at": 0, "move_learn_method": {"name": "machine", "url": "https://pokeapi.co/api/v2/move-learn-method/4/"}, "version_group": {"name": "sun-moon", "url": "https://pokeapi.co/api/v2/version-group/17/"}}, {"level_learned_at": 0, "move_learn_method": {"name": "machine", "url": "https://pokeapi.co/api/v2/move-learn-method/4/"}, "version_group": {"name": "ultra-sun-ultra-moon", "url": "https://pokeapi.co/api/v2/version-group/18/"}}]}, {"move": {"name": "magnitude", "url": "https://pokeapi.co/api/v2/move/222/"}, "version_group_details": [{"level_learned_at": 12, "move_learn_method": {"name": "level-up", "url": "https://pokeapi.co/api/v2/move-learn-method/1/"}, "version_group": {"name": "omega-ruby-alpha-sapphire", "url": "https://pokeapi.co/api/v2/version-group/16/"}}, {"level_learned_at": 12, "move_learn_method": {"name": "level-up", "url": "https://pokeapi.co/api/v2/move-learn-method/1/"}, "version_group": {"name": "sun-moon", "url": "https://pokeapi.co/api/v2/version-group/17/"}}, {"level_learned_at": 12, "move_learn_method": {"name": "level-up", "url": "https://pokeapi.co/api/v2/move-learn-method/1/"}, "version_group": {"name": "ultra-sun-ultra-moon", "url": "https://pokeapi.co/api/v2/version-group/18/"}}]}, {"move": {"name": "hidden-power", "url": "https://pokeapi.co/api/v2/move/237/"}, "version_group_details": [{"level_learned_at": 0, "move_learn_method": {"name": "machine", "url": "https://pokeapi.co/api/v2/move-learn-method/4/"}, "version_group": {"name": "omega-ruby-alpha-sapphire", "url": "https://pokeapi.co/api/v2/version-group/16/"}}, {"level_learned_at": 0, "move_learn_method": {"name": "machine", "url": "https://pokeapi.co/api/v2/move-learn-method/4/"}, "version_group": {"name": "sun-moon", "url": "https://pokeapi.co/api/v2/version-group/17/"}}, {"level_learned_at": 0, "move_learn_method": {"name": "machine", "url": "https://pokeapi.co/api/v2/move-learn-method/4/"}, "version_group": {"name": "ultra-sun-ultra-moon", "url": "https://pokeapi.co/api/v2/version-group/18/"}}]}, {"move": {"name": "sunny-day", "url": "https://pokeapi.co/api/v2/move/241/"}, "version_group_details": [{"level_learned_at": 0, "move_learn_method": {"name": "machine", "url": "https://pokeapi.co/api/v2/move-learn-method/4/"}, "version_group": {"name": "omega-ruby-alpha-sapphire", "url": "https://pokeapi.co/api/v2/version-group/16/"}}, {"level_learned_at": 0, "move_learn_method": {"name": "machine", "url": "https://pokeapi.co/api/v2/move-learn-method/4/"}, "version_group": {"name": "sun-moon", "url": "https://pokeapi.co/api/v2/version-group/17/"}}, {"level_learned_at": 0, "move_learn_method": {"name": "machine", "url": "https://pokeapi.co/api/v2/move-learn-method/4/"}, "version_group": {"name": "ultra-sun-ultra-moon", "url": "https://pokeapi.co/api/v2/version-group/18/"}}]}, {"move": {"name": "rock-smash", "url": "https://pokeapi.co/api/v2/move/249/"}, "version_group_details": [{"level_learned_at": 0, "move_learn_method": {"name": "machine", "url": "https://pokeapi.co/api/v2/move-learn-method/4/"}, "version_group": {"name": "omega-ruby-alpha-sapphire", "url": "https://pokeapi.co/api/v2/version-group/16/"}}]}, {"move": {"name": "heat-wave", "url": "https://pokeapi.co/api/v2/move/257/"}, "version_group_details": [{"level_learned_at": 0, "move_learn_method": {"name": "tutor", "url": "https://pokeapi.co/api/v2/move-learn-method/3/"}, "version_group": {"name": "omega-ruby-alpha-sapphire", "url": "https://pokeapi.co/api/v2/version-group/16/"}}]}, {"move": {"name": "will-o-wisp", "url": "https://pokeapi.co/api/v2/move/261/"}, "version_group_details": [{"level_learned_at": 0, "move_learn_method": {"name": "machine", "url": "https://pokeapi.co/api/v2/move-learn-method/4/"}, "version_group": {"name": "omega-ruby-alpha-sapphire", "url": "https://pokeapi.co/api/v2/version-group/16/"}}, {"level_learned_at": 0, "move_learn_method": {"name": "machine", "url": "https://pokeapi.co/api/v2/move-learn-method/4/"}, "version_group": {"name": "sun-moon", "url": "https://pokeapi.co/api/v2/version-group/17/"}}, {"level_learned_at": 0, "move_learn_method": {"name": "machine", "url": "https://pokeapi.co/api/v2/move-learn-method/4/"}, "version_group": {"name": "ultra-sun-ultra-moon", "url": "https://pokeapi.co/api/v2/version-group/18/"}}]}, {"move": {"name": "facade", "url": "https://pokeapi.co/api/v2/move/263/"}, "version_group_details": [{"level_learned_at": 0, "move_learn_method": {"name": "machine", "url": "https://pokeapi.co/api/v2/move-learn-method/4/"}, "version_group": {"name": "omega-ruby-alpha-sapphire", "url": "https://pokeapi.co/api/v2/version-group/16/"}}, {"level_learned_at": 0, "move_learn_method": {"name": "machine", "url": "https://pokeapi.co/api/v2/move-learn-method/4/"}, "version_group": {"name": "sun-moon", "url": "https://pokeapi.co/api/v2/version-group/17/"}}, {"level_learned_at": 0, "move_learn_method": {"name": "machine", "url": "https://pokeapi.co/api/v2/move-learn-method/4/"}, "version_group": {"name": "ultra-sun-ultra-moon", "url": "https://pokeapi.co/api/v2/version-group/18/"}}]}, {"move": {"name": "nature-power", "url": "https://pokeapi.co/api/v2/move/267/"}, "version_group_details": [{"level_learned_at": 0, "move_learn_method": {"name": "machine", "url": "https://pokeapi.co/api/v2/move-learn-method/4/"}, "version_group": {"name": "omega-ruby-alpha-sapphire", "url": "https://pokeapi.co/api/v2/version-group/16/"}}, {"level_learned_at": 0, "move_learn_method": {"name": "machine", "url": "https://pokeapi.co/api/v2/move-learn-method/4/"}, "version_group": {"name": "sun-moon", "url": "https://pokeapi.co/api/v2/version-group/17/"}}, {"level_learned_at": 0, "move_learn_method": {"name": "machine", "url": "https://pokeapi.co/api/v2/move-learn-method/4/"}, "version_group": {"name": "ultra-sun-ultra-moon", "url": "https://pokeapi.co/api/v2/version-group/18/"}}]}, {"move": {"name": "yawn", "url": "https://pokeapi.co/api/v2/move/281/"}, "version_group_details": [{"level_learned_at": 39, "move_learn_method": {"name": "level-up", "url": "https://pokeapi.co/api/v2/move-learn-method/1/"}, "version_group": {"name": "omega-ruby-alpha-sapphire", "url": "https://pokeapi.co/api/v2/version-group/16/"}}, {"level_learned_at": 39, "move_learn_method": {"name": "level-up", "url": "https://pokeapi.co/api/v2/move-learn-method/1/"}, "version_group": {"name": "sun-moon", "url": "https://pokeapi.co/api/v2/version-group/17/"}}, {"level_learned_at": 39, "move_learn_method": {"name": "level-up", "url": "https://pokeapi.co/api/v2/move-learn-method/1/"}, "version_group": {"name": "ultra-sun-ultra-moon", "url": "https://pokeapi.co/api/v2/version-group/18/"}}]}, {"move": {"name": "eruption", "url": "https://pokeapi.co/api/v2/move/284/"}, "version_group_details": [{"level_learned_at": 1, "move_learn_method": {"name": "level-up", "url": "https://pokeapi.co/api/v2/move-learn-method/1/"}, "version_group": {"name": "omega-ruby-alpha-sapphire", "url": "https://pokeapi.co/api/v2/version-group/16/"}}, {"level_learned_at": 52, "move_learn_method": {"name": "level-up", "url": "https://pokeapi.co/api/v2/move-learn-method/1/"}, "version_group": {"name": "omega-ruby-alpha-sapphire", "url": "https://pokeapi.co/api/v2/version-group/16/"}}, {"level_learned_at": 1, "move_learn_method": {"name": "level-up", "url": "https://pokeapi.co/api/v2/move-learn-method/1/"}, "version_group": {"name": "sun-moon", "url": "https://pokeapi.co/api/v2/version-group/17/"}}, {"level_learned_at": 52, "move_learn_method": {"name": "level-up", "url": "https://pokeapi.co/api/v2/move-learn-method/1/"}, "version_group": {"name": "sun-moon", "url": "https://pokeapi.co/api/v2/version-group/17/"}}, {"level_learned_at": 1, "move_learn_method": {"name": "level-up", "url": "https://pokeapi.co/api/v2/move-learn-method/1/"}, "version_group": {"name": "ultra-sun-ultra-moon", "url": "https://pokeapi.co/api/v2/version-group/18/"}}, {"level_learned_at": 52, "move_learn_method": {"name": "level-up", "url": "https://pokeapi.co/api/v2/move-learn-method/1/"}, "version_group": {"name": "ultra-sun-ultra-moon", "url": "https://pokeapi.co/api/v2/version-group/18/"}}]}, {"move": {"name": "secret-power", "url": "https://pokeapi.co/api/v2/move/290/"}, "version_group_details": [{"level_learned_at": 0, "move_learn_method": {"name": "machine", "url": "https://pokeapi.co/api/v2/move-learn-method/4/"}, "version_group": {"name": "omega-ruby-alpha-sapphire", "url": "https://pokeapi.co/api/v2/version-group/16/"}}]}, {"move": {"name": "overheat", "url": "https://pokeapi.co/api/v2/move/315/"}, "version_group_details": [{"level_learned_at": 0, "move_learn_method": {"name": "machine", "url": "https://pokeapi.co/api/v2/move-learn-method/4/"}, "version_group": {"name": "omega-ruby-alpha-sapphire", "url": "https://pokeapi.co/api/v2/version-group/16/"}}, {"level_learned_at": 0, "move_learn_method": {"name": "machine", "url": "https://pokeapi.co/api/v2/move-learn-method/4/"}, "version_group": {"name": "sun-moon", "url": "https://pokeapi.co/api/v2/version-group/17/"}}, {"level_learned_at": 0, "move_learn_method": {"name": "machine", "url": "https://pokeapi.co/api/v2/move-learn-method/4/"}, "version_group": {"name": "ultra-sun-ultra-moon", "url": "https://pokeapi.co/api/v2/version-group/18/"}}]}, {"move": {"name": "rock-tomb", "url": "https://pokeapi.co/api/v2/move/317/"}, "version_group_details": [{"level_learned_at": 0, "move_learn_method": {"name": "machine", "url": "https://pokeapi.co/api/v2/move-learn-method/4/"}, "version_group": {"name": "omega-ruby-alpha-sapphire", "url": "https://pokeapi.co/api/v2/version-group/16/"}}, {"level_learned_at": 0, "move_learn_method": {"name": "machine", "url": "https://pokeapi.co/api/v2/move-learn-method/4/"}, "version_group": {"name": "sun-moon", "url": "https://pokeapi.co/api/v2/version-group/17/"}}, {"level_learned_at": 0, "move_learn_method": {"name": "machine", "url": "https://pokeapi.co/api/v2/move-learn-method/4/"}, "version_group": {"name": "ultra-sun-ultra-moon", "url": "https://pokeapi.co/api/v2/version-group/18/"}}]}, {"move": {"name": "rock-polish", "url": "https://pokeapi.co/api/v2/move/397/"}, "version_group_details": [{"level_learned_at": 0, "move_learn_method": {"name": "machine", "url": "https://pokeapi.co/api/v2/move-learn-method/4/"}, "version_group": {"name": "omega-ruby-alpha-sapphire", "url": "https://pokeapi.co/api/v2/version-group/16/"}}, {"level_learned_at": 0, "move_learn_method": {"name": "machine", "url": "https://pokeapi.co/api/v2/move-learn-method/4/"}, "version_group": {"name": "sun-moon", "url": "https://pokeapi.co/api/v2/version-group/17/"}}, {"level_learned_at": 0, "move_learn_method": {"name": "machine", "url": "https://pokeapi.co/api/v2/move-learn-method/4/"}, "version_group": {"name": "ultra-sun-ultra-moon", "url": "https://pokeapi.co/api/v2/version-group/18/"}}]}, {"move": {"name": "earth-power", "url": "https://pokeapi.co/api/v2/move/414/"}, "version_group_details": [{"level_learned_at": 26, "move_learn_method": {"name": "level-up", "url": "https://pokeapi.co/api/v2/move-learn-method/1/"}, "version_group": {"name": "omega-ruby-alpha-sapphire", "url": "https://pokeapi.co/api/v2/version-group/16/"}}, {"level_learned_at": 0, "move_learn_method": {"name": "tutor", "url": "https://pokeapi.co/api/v2/move-learn-method/3/"}, "version_group": {"name": "omega-ruby-alpha-sapphire", "url": "https://pokeapi.co/api/v2/version-group/16/"}}, {"level_learned_at": 26, "move_learn_method": {"name": "level-up", "url": "https://pokeapi.co/api/v2/move-learn-method/1/"}, "version_group": {"name": "sun-moon", "url": "https://pokeapi.co/api/v2/version-group/17/"}}, {"level_learned_at": 26, "move_learn_method": {"name": "level-up", "url": "https://pokeapi.co/api/v2/move-learn-method/1/"}, "version_group": {"name": "ultra-sun-ultra-moon", "url": "https://pokeapi.co/api/v2/version-group/18/"}}]}, {"move": {"name": "giga-impact", "url": "https://pokeapi.co/api/v2/move/416/"}, "version_group_details": [{"level_learned_at": 0, "move_learn_method": {"name": "machine", "url": "https://pokeapi.co/api/v2/move-learn-method/4/"}, "version_group": {"name": "omega-ruby-alpha-sapphire", "url": "https://pokeapi.co/api/v2/version-group/16/"}}, {"level_learned_at": 0, "move_learn_method": {"name": "machine", "url": "https://pokeapi.co/api/v2/move-learn-method/4/"}, "version_group": {"name": "sun-moon", "url": "https://pokeapi.co/api/v2/version-group/17/"}}, {"level_learned_at": 0, "move_learn_method": {"name": "machine", "url": "https://pokeapi.co/api/v2/move-learn-method/4/"}, "version_group": {"name": "ultra-sun-ultra-moon", "url": "https://pokeapi.co/api/v2/version-group/18/"}}]}, {"move": {"name": "flash-cannon", "url": "https://pokeapi.co/api/v2/move/430/"}, "version_group_details": [{"level_learned_at": 0, "move_learn_method": {"name": "machine", "url": "https://pokeapi.co/api/v2/move-learn-method/4/"}, "version_group": {"name": "omega-ruby-alpha-sapphire", "url": "https://pokeapi.co/api/v2/version-group/16/"}}, {"level_learned_at": 0, "move_learn_method": {"name": "machine", "url": "https://pokeapi.co/api/v2/move-learn-method/4/"}, "version_group": {"name": "sun-moon", "url": "https://pokeapi.co/api/v2/version-group/17/"}}, {"level_learned_at": 0, "move_learn_method": {"name": "machine", "url": "https://pokeapi.co/api/v2/move-learn-method/4/"}, "version_group": {"name": "ultra-sun-ultra-moon", "url": "https://pokeapi.co/api/v2/version-group/18/"}}]}, {"move": {"name": "lava-plume", "url": "https://pokeapi.co/api/v2/move/436/"}, "version_group_details": [{"level_learned_at": 22, "move_learn_method": {"name": "level-up", "url": "https://pokeapi.co/api/v2/move-learn-method/1/"}, "version_group": {"name": "omega-ruby-alpha-sapphire", "url": "https://pokeapi.co/api/v2/version-group/16/"}}, {"level_learned_at": 22, "move_learn_method": {"name": "level-up", "url": "https://pokeapi.co/api/v2/move-learn-method/1/"}, "version_group": {"name": "sun-moon", "url": "https://pokeapi.co/api/v2/version-group/17/"}}, {"level_learned_at": 22, "move_learn_method": {"name": "level-up", "url": "https://pokeapi.co/api/v2/move-learn-method/1/"}, "version_group": {"name": "ultra-sun-ultra-moon", "url": "https://pokeapi.co/api/v2/version-group/18/"}}]}, {"move": {"name": "iron-head", "url": "https://pokeapi.co/api/v2/move/442/"}, "version_group_details": [{"level_learned_at": 0, "move_learn_method": {"name": "tutor", "url": "https://pokeapi.co/api/v2/move-learn-method/3/"}, "version_group": {"name": "omega-ruby-alpha-sapphire", "url": "https://pokeapi.co/api/v2/version-group/16/"}}]}, {"move": {"name": "stone-edge", "url": "https://pokeapi.co/api/v2/move/444/"}, "version_group_details": [{"level_learned_at": 0, "move_learn_method": {"name": "machine", "url": "https://pokeapi.co/api/v2/move-learn-method/4/"}, "version_group": {"name": "omega-ruby-alpha-sapphire", "url": "https://pokeapi.co/api/v2/version-group/16/"}}, {"level_learned_at": 0, "move_learn_method": {"name": "machine", "url": "https://pokeapi.co/api/v2/move-learn-method/4/"}, "version_group": {"name": "sun-moon", "url": "https://pokeapi.co/api/v2/version-group/17/"}}, {"level_learned_at": 0, "move_learn_method": {"name": "machine", "url": "https://pokeapi.co/api/v2/move-learn-method/4/"}, "version_group": {"name": "ultra-sun-ultra-moon", "url": "https://pokeapi.co/api/v2/version-group/18/"}}]}, {"move": {"name": "stealth-rock", "url": "https://pokeapi.co/api/v2/move/446/"}, "version_group_details": [{"level_learned_at": 0, "move_learn_method": {"name": "tutor", "url": "https://pokeapi.co/api/v2/move-learn-method/3/"}, "version_group": {"name": "omega-ruby-alpha-sapphire", "url": "https://pokeapi.co/api/v2/version-group/16/"}}]}, {"move": {"name": "flame-burst", "url": "https://pokeapi.co/api/v2/move/481/"}, "version_group_details": [{"level_learned_at": 15, "move_learn_method": {"name": "level-up", "url": "https://pokeapi.co/api/v2/move-learn-method/1/"}, "version_group": {"name": "omega-ruby-alpha-sapphire", "url": "https://pokeapi.co/api/v2/version-group/16/"}}, {"level_learned_at": 15, "move_learn_method": {"name": "level-up", "url": "https://pokeapi.co/api/v2/move-learn-method/1/"}, "version_group": {"name": "sun-moon", "url": "https://pokeapi.co/api/v2/version-group/17/"}}, {"level_learned_at": 15, "move_learn_method": {"name": "level-up", "url": "https://pokeapi.co/api/v2/move-learn-method/1/"}, "version_group": {"name": "ultra-sun-ultra-moon", "url": "https://pokeapi.co/api/v2/version-group/18/"}}]}, {"move": {"name": "flame-charge", "url": "https://pokeapi.co/api/v2/move/488/"}, "version_group_details": [{"level_learned_at": 0, "move_learn_method": {"name": "machine", "url": "https://pokeapi.co/api/v2/move-learn-method/4/"}, "version_group": {"name": "omega-ruby-alpha-sapphire", "url": "https://pokeapi.co/api/v2/version-group/16/"}}, {"level_learned_at": 0, "move_learn_method": {"name": "machine", "url": "https://pokeapi.co/api/v2/move-learn-method/4/"}, "version_group": {"name": "sun-moon", "url": "https://pokeapi.co/api/v2/version-group/17/"}}, {"level_learned_at": 0, "move_learn_method": {"name": "machine", "url": "https://pokeapi.co/api/v2/move-learn-method/4/"}, "version_group": {"name": "ultra-sun-ultra-moon", "url": "https://pokeapi.co/api/v2/version-group/18/"}}]}, {"move": {"name": "after-you", "url": "https://pokeapi.co/api/v2/move/495/"}, "version_group_details": [{"level_learned_at": 0, "move_learn_method": {"name": "tutor", "url": "https://pokeapi.co/api/v2/move-learn-method/3/"}, "version_group": {"name": "omega-ruby-alpha-sapphire", "url": "https://pokeapi.co/api/v2/version-group/16/"}}]}, {"move": {"name": "round", "url": "https://pokeapi.co/api/v2/move/496/"}, "version_group_details": [{"level_learned_at": 0, "move_learn_method": {"name": "machine", "url": "https://pokeapi.co/api/v2/move-learn-method/4/"}, "version_group": {"name": "omega-ruby-alpha-sapphire", "url": "https://pokeapi.co/api/v2/version-group/16/"}}, {"level_learned_at": 0, "move_learn_method": {"name": "machine", "url": "https://pokeapi.co/api/v2/move-learn-method/4/"}, "version_group": {"name": "sun-moon", "url": "https://pokeapi.co/api/v2/version-group/17/"}}, {"level_learned_at": 0, "move_learn_method": {"name": "machine", "url": "https://pokeapi.co/api/v2/move-learn-method/4/"}, "version_group": {"name": "ultra-sun-ultra-moon", "url": "https://pokeapi.co/api/v2/version-group/18/"}}]}, {"move": {"name": "echoed-voice", "url": "https://pokeapi.co/api/v2/move/497/"}, "version_group_details": [{"level_learned_at": 0, "move_learn_method": {"name": "machine", "url": "https://pokeapi.co/api/v2/move-learn-method/4/"}, "version_group": {"name": "omega-ruby-alpha-sapphire", "url": "https://pokeapi.co/api/v2/version-group/16/"}}, {"level_learned_at": 0, "move_learn_method": {"name": "machine", "url": "https://pokeapi.co/api/v2/move-learn-method/4/"}, "version_group": {"name": "sun-moon", "url": "https://pokeapi.co/api/v2/version-group/17/"}}, {"level_learned_at": 0, "move_learn_method": {"name": "machine", "url": "https://pokeapi.co/api/v2/move-learn-method/4/"}, "version_group": {"name": "ultra-sun-ultra-moon", "url": "https://pokeapi.co/api/v2/version-group/18/"}}]}, {"move": {"name": "incinerate", "url": "https://pokeapi.co/api/v2/move/510/"}, "version_group_details": [{"level_learned_at": 0, "move_learn_method": {"name": "machine", "url": "https://pokeapi.co/api/v2/move-learn-method/4/"}, "version_group": {"name": "omega-ruby-alpha-sapphire", "url": "https://pokeapi.co/api/v2/version-group/16/"}}]}, {"move": {"name": "bulldoze", "url": "https://pokeapi.co/api/v2/move/523/"}, "version_group_details": [{"level_learned_at": 0, "move_learn_method": {"name": "machine", "url": "https://pokeapi.co/api/v2/move-learn-method/4/"}, "version_group": {"name": "omega-ruby-alpha-sapphire", "url": "https://pokeapi.co/api/v2/version-group/16/"}}, {"level_learned_at": 0, "move_learn_method": {"name": "machine", "url": "https://pokeapi.co/api/v2/move-learn-method/4/"}, "version_group": {"name": "sun-moon", "url": "https://pokeapi.co/api/v2/version-group/17/"}}, {"level_learned_at": 0, "move_learn_method": {"name": "machine", "url": "https://pokeapi.co/api/v2/move-learn-method/4/"}, "version_group": {"name": "ultra-sun-ultra-moon", "url": "https://pokeapi.co/api/v2/version-group/18/"}}]}, {"move": {"name": "confide", "url": "https://pokeapi.co/api/v2/move/590/"}, "version_group_details": [{"level_learned_at": 0, "move_learn_method": {"name": "machine", "url": "https://pokeapi.co/api/v2/move-learn-method/4/"}, "version_group": {"name": "omega-ruby-alpha-sapphire", "url": "https://pokeapi.co/api/v2/version-group/16/"}}, {"level_learned_at": 0, "move_learn_method": {"name": "machine", "url": "https://pokeapi.co/api/v2/move-learn-method/4/"}, "version_group": {"name": "sun-moon", "url": "https://pokeapi.co/api/v2/version-group/17/"}}, {"level_learned_at": 0, "move_learn_method": {"name": "machine", "url": "https://pokeapi.co/api/v2/move-learn-method/4/"}, "version_group": {"name": "ultra-sun-ultra-moon", "url": "https://pokeapi.co/api/v2/version-group/18/"}}]}], "name": "camerupt-mega", "order": 417, "species": {"name": "camerupt", "url": "https://pokeapi.co/api/v2/pokemon-species/323/"}, "sprites": {"back_default": null, "back_female": null, "back_shiny": null, "back_shiny_female": null, "front_default": "https://raw.githubusercontent.com/PokeAPI/sprites/master/sprites/pokemon/10087.png", "front_female": null, "front_shiny": null, "front_shiny_female": null}, "stats": [{"base_stat": 70, "effort": 0, "stat": {"name": "hp", "url": "https://pokeapi.co/api/v2/stat/1/"}}, {"base_stat": 120, "effort": 1, "stat": {"name": "attack", "url": "https://pokeapi.co/api/v2/stat/2/"}}, {"base_stat": 100, "effort": 0, "stat": {"name": "defense", "url": "https://pokeapi.co/api/v2/stat/3/"}}, {"base_stat": 145, "effort": 1, "stat": {"name": "special-attack", "url": "https://pokeapi.co/api/v2/stat/4/"}}, {"base_stat": 105, "effort": 0, "stat": {"name": "special-defense", "url": "https://pokeapi.co/api/v2/stat/5/"}}, {"base_stat": 20, "effort": 0, "stat": {"name": "speed", "url": "https://pokeapi.co/api/v2/stat/6/"}}], "types": [{"slot": 1, "type": {"name": "fire", "url": "https://pokeapi.co/api/v2/type/10/"}}, {"slot": 2, "type": {"name": "ground", "url": "https://pokeapi.co/api/v2/type/5/"}}], "weight": 3205}