{"abilities": [{"ability": {"name": "levitate", "url": "https://pokeapi.co/api/v2/ability/26/"}, "is_hidden": false, "slot": 1}], "base_experience": 118, "forms": [{"name": "unown-a", "url": "https://pokeapi.co/api/v2/pokemon-form/201/"}, {"name": "unown-b", "url": "https://pokeapi.co/api/v2/pokemon-form/10001/"}, {"name": "unown-c", "url": "https://pokeapi.co/api/v2/pokemon-form/10002/"}, {"name": "unown-d", "url": "https://pokeapi.co/api/v2/pokemon-form/10003/"}, {"name": "unown-e", "url": "https://pokeapi.co/api/v2/pokemon-form/10004/"}, {"name": "unown-f", "url": "https://pokeapi.co/api/v2/pokemon-form/10005/"}, {"name": "unown-g", "url": "https://pokeapi.co/api/v2/pokemon-form/10006/"}, {"name": "unown-h", "url": "https://pokeapi.co/api/v2/pokemon-form/10007/"}, {"name": "unown-i", "url": "https://pokeapi.co/api/v2/pokemon-form/10008/"}, {"name": "unown-j", "url": "https://pokeapi.co/api/v2/pokemon-form/10009/"}, {"name": "unown-k", "url": "https://pokeapi.co/api/v2/pokemon-form/10010/"}, {"name": "unown-l", "url": "https://pokeapi.co/api/v2/pokemon-form/10011/"}, {"name": "unown-m", "url": "https://pokeapi.co/api/v2/pokemon-form/10012/"}, {"name": "unown-n", "url": "https://pokeapi.co/api/v2/pokemon-form/10013/"}, {"name": "unown-o", "url": "https://pokeapi.co/api/v2/pokemon-form/10014/"}, {"name": "unown-p", "url": "https://pokeapi.co/api/v2/pokemon-form/10015/"}, {"name": "unown-q", "url": "https://pokeapi.co/api/v2/pokemon-form/10016/"}, {"name": "unown-r", "url": "https://pokeapi.co/api/v2/pokemon-form/10017/"}, {"name": "unown-s", "url": "https://pokeapi.co/api/v2/pokemon-form/10018/"}, {"name": "unown-t", "url": "https://pokeapi.co/api/v2/pokemon-form/10019/"}, {"name": "unown-u", "url": "https://pokeapi.co/api/v2/pokemon-form/10020/"}, {"name": "unown-v", "url": "https://pokeapi.co/api/v2/pokemon-form/10021/"}, {"name": "unown-w", "url": "https://pokeapi.co/api/v2/pokemon-form/10022/"}, {"name": "unown-x", "url": "https://pokeapi.co/api/v2/pokemon-form/10023/"}, {"name": "unown-y", "url": "https://pokeapi.co/api/v2/pokemon-form/10024/"}, {"name": "unown-z", "url": "https://pokeapi.co/api/v2/pokemon-form/10025/"}, {"name": "unown-exclamation", "url": "https://pokeapi.co/api/v2/pokemon-form/10026/"}, {"name": "unown-question", "url": "https://pokeapi.co/api/v2/pokemon-form/10027/"}], "game_indices": [{"game_index": 201, "version": {"name": "gold", "url": "https://pokeapi.co/api/v2/version/4/"}}, {"game_index": 201, "version": {"name": "silver", "url": "https://pokeapi.co/api/v2/version/5/"}}, {"game_index": 201, "version": {"name": "crystal", "url": "https://pokeapi.co/api/v2/version/6/"}}, {"game_index": 201, "version": {"name": "ruby", "url": "https://pokeapi.co/api/v2/version/7/"}}, {"game_index": 201, "version": {"name": "sapphire", "url": "https://pokeapi.co/api/v2/version/8/"}}, {"game_index": 201, "version": {"name": "emerald", "url": "https://pokeapi.co/api/v2/version/9/"}}, {"game_index": 201, "version": {"name": "firered", "url": "https://pokeapi.co/api/v2/version/10/"}}, {"game_index": 201, "version": {"name": "leafgreen", "url": "https://pokeapi.co/api/v2/version/11/"}}, {"game_index": 201, "version": {"name": "diamond", "url": "https://pokeapi.co/api/v2/version/12/"}}, {"game_index": 201, "version": {"name": "pearl", "url": "https://pokeapi.co/api/v2/version/13/"}}, {"game_index": 201, "version": {"name": "platinum", "url": "https://pokeapi.co/api/v2/version/14/"}}, {"game_index": 201, "version": {"name": "heartgold", "url": "https://pokeapi.co/api/v2/version/15/"}}, {"game_index": 201, "version": {"name": "soulsilver", "url": "https://pokeapi.co/api/v2/version/16/"}}, {"game_index": 201, "version": {"name": "black", "url": "https://pokeapi.co/api/v2/version/17/"}}, {"game_index": 201, "version": {"name": "white", "url": "https://pokeapi.co/api/v2/version/18/"}}, {"game_index": 201, "version": {"name": "black-2", "url": "https://pokeapi.co/api/v2/version/21/"}}, {"game_index": 201, "version": {"name": "white-2", "url": "https://pokeapi.co/api/v2/version/22/"}}], "height": 5, "held_items": [], "id": 201, "is_default": true, "location_area_encounters": "https://pokeapi.co/api/v2/pokemon/201/encounters", "moves": [{"move": {"name": "hidden-power", "url": "https://pokeapi.co/api/v2/move/237/"}, "version_group_details": [{"level_learned_at": 1, "move_learn_method": {"name": "level-up", "url": "https://pokeapi.co/api/v2/move-learn-method/1/"}, "version_group": {"name": "gold-silver", "url": "https://pokeapi.co/api/v2/version-group/3/"}}, {"level_learned_at": 1, "move_learn_method": {"name": "level-up", "url": "https://pokeapi.co/api/v2/move-learn-method/1/"}, "version_group": {"name": "crystal", "url": "https://pokeapi.co/api/v2/version-group/4/"}}, {"level_learned_at": 1, "move_learn_method": {"name": "level-up", "url": "https://pokeapi.co/api/v2/move-learn-method/1/"}, "version_group": {"name": "ruby-sapphire", "url": "https://pokeapi.co/api/v2/version-group/5/"}}, {"level_learned_at": 1, "move_learn_method": {"name": "level-up", "url": "https://pokeapi.co/api/v2/move-learn-method/1/"}, "version_group": {"name": "emerald", "url": "https://pokeapi.co/api/v2/version-group/6/"}}, {"level_learned_at": 1, "move_learn_method": {"name": "level-up", "url": "https://pokeapi.co/api/v2/move-learn-method/1/"}, "version_group": {"name": "firered-leafgreen", "url": "https://pokeapi.co/api/v2/version-group/7/"}}, {"level_learned_at": 1, "move_learn_method": {"name": "level-up", "url": "https://pokeapi.co/api/v2/move-learn-method/1/"}, "version_group": {"name": "diamond-pearl", "url": "https://pokeapi.co/api/v2/version-group/8/"}}, {"level_learned_at": 1, "move_learn_method": {"name": "level-up", "url": "https://pokeapi.co/api/v2/move-learn-method/1/"}, "version_group": {"name": "platinum", "url": "https://pokeapi.co/api/v2/version-group/9/"}}, {"level_learned_at": 1, "move_learn_method": {"name": "level-up", "url": "https://pokeapi.co/api/v2/move-learn-method/1/"}, "version_group": {"name": "heartgold-soulsilver", "url": "https://pokeapi.co/api/v2/version-group/10/"}}, {"level_learned_at": 1, "move_learn_method": {"name": "level-up", "url": "https://pokeapi.co/api/v2/move-learn-method/1/"}, "version_group": {"name": "black-white", "url": "https://pokeapi.co/api/v2/version-group/11/"}}, {"level_learned_at": 1, "move_learn_method": {"name": "level-up", "url": "https://pokeapi.co/api/v2/move-learn-method/1/"}, "version_group": {"name": "colosseum", "url": "https://pokeapi.co/api/v2/version-group/12/"}}, {"level_learned_at": 1, "move_learn_method": {"name": "level-up", "url": "https://pokeapi.co/api/v2/move-learn-method/1/"}, "version_group": {"name": "xd", "url": "https://pokeapi.co/api/v2/version-group/13/"}}, {"level_learned_at": 1, "move_learn_method": {"name": "level-up", "url": "https://pokeapi.co/api/v2/move-learn-method/1/"}, "version_group": {"name": "black-2-white-2", "url": "https://pokeapi.co/api/v2/version-group/14/"}}, {"level_learned_at": 1, "move_learn_method": {"name": "level-up", "url": "https://pokeapi.co/api/v2/move-learn-method/1/"}, "version_group": {"name": "x-y", "url": "https://pokeapi.co/api/v2/version-group/15/"}}, {"level_learned_at": 0, "move_learn_method": {"name": "machine", "url": "https://pokeapi.co/api/v2/move-learn-method/4/"}, "version_group": {"name": "x-y", "url": "https://pokeapi.co/api/v2/version-group/15/"}}, {"level_learned_at": 1, "move_learn_method": {"name": "level-up", "url": "https://pokeapi.co/api/v2/move-learn-method/1/"}, "version_group": {"name": "omega-ruby-alpha-sapphire", "url": "https://pokeapi.co/api/v2/version-group/16/"}}, {"level_learned_at": 0, "move_learn_method": {"name": "machine", "url": "https://pokeapi.co/api/v2/move-learn-method/4/"}, "version_group": {"name": "omega-ruby-alpha-sapphire", "url": "https://pokeapi.co/api/v2/version-group/16/"}}, {"level_learned_at": 1, "move_learn_method": {"name": "level-up", "url": "https://pokeapi.co/api/v2/move-learn-method/1/"}, "version_group": {"name": "sun-moon", "url": "https://pokeapi.co/api/v2/version-group/17/"}}, {"level_learned_at": 0, "move_learn_method": {"name": "machine", "url": "https://pokeapi.co/api/v2/move-learn-method/4/"}, "version_group": {"name": "sun-moon", "url": "https://pokeapi.co/api/v2/version-group/17/"}}, {"level_learned_at": 1, "move_learn_method": {"name": "level-up", "url": "https://pokeapi.co/api/v2/move-learn-method/1/"}, "version_group": {"name": "ultra-sun-ultra-moon", "url": "https://pokeapi.co/api/v2/version-group/18/"}}, {"level_learned_at": 0, "move_learn_method": {"name": "machine", "url": "https://pokeapi.co/api/v2/move-learn-method/4/"}, "version_group": {"name": "ultra-sun-ultra-moon", "url": "https://pokeapi.co/api/v2/version-group/18/"}}]}], "name": "unown", "order": 282, "species": {"name": "unown", "url": "https://pokeapi.co/api/v2/pokemon-species/201/"}, "sprites": {"back_default": "https://raw.githubusercontent.com/PokeAPI/sprites/master/sprites/pokemon/back/201.png", "back_female": null, "back_shiny": "https://raw.githubusercontent.com/PokeAPI/sprites/master/sprites/pokemon/back/shiny/201.png", "back_shiny_female": null, "front_default": "https://raw.githubusercontent.com/PokeAPI/sprites/master/sprites/pokemon/201.png", "front_female": null, "front_shiny": "https://raw.githubusercontent.com/PokeAPI/sprites/master/sprites/pokemon/shiny/201.png", "front_shiny_female": null}, "stats": [{"base_stat": 48, "effort": 0, "stat": {"name": "hp", "url": "https://pokeapi.co/api/v2/stat/1/"}}, {"base_stat": 72, "effort": 1, "stat": {"name": "attack", "url": "https://pokeapi.co/api/v2/stat/2/"}}, {"base_stat": 48, "effort": 0, "stat": {"name": "defense", "url": "https://pokeapi.co/api/v2/stat/3/"}}, {"base_stat": 72, "effort": 1, "stat": {"name": "special-attack", "url": "https://pokeapi.co/api/v2/stat/4/"}}, {"base_stat": 48, "effort": 0, "stat": {"name": "special-defense", "url": "https://pokeapi.co/api/v2/stat/5/"}}, {"base_stat": 48, "effort": 0, "stat": {"name": "speed", "url": "https://pokeapi.co/api/v2/stat/6/"}}], "types": [{"slot": 1, "type": {"name": "psychic", "url": "https://pokeapi.co/api/v2/type/14/"}}], "weight": 50}