{"abilities": [{"ability": {"name": "sturdy", "url": "https://pokeapi.co/api/v2/ability/5/"}, "is_hidden": true, "slot": 3}, {"ability": {"name": "lightning-rod", "url": "https://pokeapi.co/api/v2/ability/31/"}, "is_hidden": false, "slot": 2}, {"ability": {"name": "iron-barbs", "url": "https://pokeapi.co/api/v2/ability/160/"}, "is_hidden": false, "slot": 1}], "base_experience": 152, "forms": [{"name": "togedemaru-totem", "url": "https://pokeapi.co/api/v2/pokemon-form/10313/"}], "game_indices": [], "height": 6, "held_items": [{"item": {"name": "electric-seed", "url": "https://pokeapi.co/api/v2/item/898/"}, "version_details": [{"rarity": 5, "version": {"name": "ultra-sun", "url": "https://pokeapi.co/api/v2/version/29/"}}]}], "id": 10154, "is_default": false, "location_area_encounters": "https://pokeapi.co/api/v2/pokemon/10154/encounters", "moves": [{"move": {"name": "tackle", "url": "https://pokeapi.co/api/v2/move/33/"}, "version_group_details": [{"level_learned_at": 1, "move_learn_method": {"name": "level-up", "url": "https://pokeapi.co/api/v2/move-learn-method/1/"}, "version_group": {"name": "ultra-sun-ultra-moon", "url": "https://pokeapi.co/api/v2/version-group/18/"}}]}, {"move": {"name": "pin-missile", "url": "https://pokeapi.co/api/v2/move/42/"}, "version_group_details": [{"level_learned_at": 45, "move_learn_method": {"name": "level-up", "url": "https://pokeapi.co/api/v2/move-learn-method/1/"}, "version_group": {"name": "ultra-sun-ultra-moon", "url": "https://pokeapi.co/api/v2/version-group/18/"}}]}, {"move": {"name": "thunder-shock", "url": "https://pokeapi.co/api/v2/move/84/"}, "version_group_details": [{"level_learned_at": 1, "move_learn_method": {"name": "level-up", "url": "https://pokeapi.co/api/v2/move-learn-method/1/"}, "version_group": {"name": "ultra-sun-ultra-moon", "url": "https://pokeapi.co/api/v2/version-group/18/"}}]}, {"move": {"name": "thunderbolt", "url": "https://pokeapi.co/api/v2/move/85/"}, "version_group_details": [{"level_learned_at": 0, "move_learn_method": {"name": "machine", "url": "https://pokeapi.co/api/v2/move-learn-method/4/"}, "version_group": {"name": "ultra-sun-ultra-moon", "url": "https://pokeapi.co/api/v2/version-group/18/"}}]}, {"move": {"name": "thunder-wave", "url": "https://pokeapi.co/api/v2/move/86/"}, "version_group_details": [{"level_learned_at": 0, "move_learn_method": {"name": "machine", "url": "https://pokeapi.co/api/v2/move-learn-method/4/"}, "version_group": {"name": "ultra-sun-ultra-moon", "url": "https://pokeapi.co/api/v2/version-group/18/"}}]}, {"move": {"name": "thunder", "url": "https://pokeapi.co/api/v2/move/87/"}, "version_group_details": [{"level_learned_at": 0, "move_learn_method": {"name": "machine", "url": "https://pokeapi.co/api/v2/move-learn-method/4/"}, "version_group": {"name": "ultra-sun-ultra-moon", "url": "https://pokeapi.co/api/v2/version-group/18/"}}]}, {"move": {"name": "toxic", "url": "https://pokeapi.co/api/v2/move/92/"}, "version_group_details": [{"level_learned_at": 0, "move_learn_method": {"name": "machine", "url": "https://pokeapi.co/api/v2/move-learn-method/4/"}, "version_group": {"name": "ultra-sun-ultra-moon", "url": "https://pokeapi.co/api/v2/version-group/18/"}}]}, {"move": {"name": "double-team", "url": "https://pokeapi.co/api/v2/move/104/"}, "version_group_details": [{"level_learned_at": 0, "move_learn_method": {"name": "machine", "url": "https://pokeapi.co/api/v2/move-learn-method/4/"}, "version_group": {"name": "ultra-sun-ultra-moon", "url": "https://pokeapi.co/api/v2/version-group/18/"}}]}, {"move": {"name": "defense-curl", "url": "https://pokeapi.co/api/v2/move/111/"}, "version_group_details": [{"level_learned_at": 5, "move_learn_method": {"name": "level-up", "url": "https://pokeapi.co/api/v2/move-learn-method/1/"}, "version_group": {"name": "ultra-sun-ultra-moon", "url": "https://pokeapi.co/api/v2/version-group/18/"}}]}, {"move": {"name": "reflect", "url": "https://pokeapi.co/api/v2/move/115/"}, "version_group_details": [{"level_learned_at": 0, "move_learn_method": {"name": "machine", "url": "https://pokeapi.co/api/v2/move-learn-method/4/"}, "version_group": {"name": "ultra-sun-ultra-moon", "url": "https://pokeapi.co/api/v2/version-group/18/"}}]}, {"move": {"name": "rest", "url": "https://pokeapi.co/api/v2/move/156/"}, "version_group_details": [{"level_learned_at": 0, "move_learn_method": {"name": "machine", "url": "https://pokeapi.co/api/v2/move-learn-method/4/"}, "version_group": {"name": "ultra-sun-ultra-moon", "url": "https://pokeapi.co/api/v2/version-group/18/"}}]}, {"move": {"name": "substitute", "url": "https://pokeapi.co/api/v2/move/164/"}, "version_group_details": [{"level_learned_at": 0, "move_learn_method": {"name": "machine", "url": "https://pokeapi.co/api/v2/move-learn-method/4/"}, "version_group": {"name": "ultra-sun-ultra-moon", "url": "https://pokeapi.co/api/v2/version-group/18/"}}]}, {"move": {"name": "thief", "url": "https://pokeapi.co/api/v2/move/168/"}, "version_group_details": [{"level_learned_at": 0, "move_learn_method": {"name": "machine", "url": "https://pokeapi.co/api/v2/move-learn-method/4/"}, "version_group": {"name": "ultra-sun-ultra-moon", "url": "https://pokeapi.co/api/v2/version-group/18/"}}]}, {"move": {"name": "protect", "url": "https://pokeapi.co/api/v2/move/182/"}, "version_group_details": [{"level_learned_at": 0, "move_learn_method": {"name": "machine", "url": "https://pokeapi.co/api/v2/move-learn-method/4/"}, "version_group": {"name": "ultra-sun-ultra-moon", "url": "https://pokeapi.co/api/v2/version-group/18/"}}]}, {"move": {"name": "rollout", "url": "https://pokeapi.co/api/v2/move/205/"}, "version_group_details": [{"level_learned_at": 9, "move_learn_method": {"name": "level-up", "url": "https://pokeapi.co/api/v2/move-learn-method/1/"}, "version_group": {"name": "ultra-sun-ultra-moon", "url": "https://pokeapi.co/api/v2/version-group/18/"}}]}, {"move": {"name": "swagger", "url": "https://pokeapi.co/api/v2/move/207/"}, "version_group_details": [{"level_learned_at": 0, "move_learn_method": {"name": "machine", "url": "https://pokeapi.co/api/v2/move-learn-method/4/"}, "version_group": {"name": "ultra-sun-ultra-moon", "url": "https://pokeapi.co/api/v2/version-group/18/"}}]}, {"move": {"name": "spark", "url": "https://pokeapi.co/api/v2/move/209/"}, "version_group_details": [{"level_learned_at": 17, "move_learn_method": {"name": "level-up", "url": "https://pokeapi.co/api/v2/move-learn-method/1/"}, "version_group": {"name": "ultra-sun-ultra-moon", "url": "https://pokeapi.co/api/v2/version-group/18/"}}]}, {"move": {"name": "attract", "url": "https://pokeapi.co/api/v2/move/213/"}, "version_group_details": [{"level_learned_at": 0, "move_learn_method": {"name": "machine", "url": "https://pokeapi.co/api/v2/move-learn-method/4/"}, "version_group": {"name": "ultra-sun-ultra-moon", "url": "https://pokeapi.co/api/v2/version-group/18/"}}]}, {"move": {"name": "sleep-talk", "url": "https://pokeapi.co/api/v2/move/214/"}, "version_group_details": [{"level_learned_at": 0, "move_learn_method": {"name": "machine", "url": "https://pokeapi.co/api/v2/move-learn-method/4/"}, "version_group": {"name": "ultra-sun-ultra-moon", "url": "https://pokeapi.co/api/v2/version-group/18/"}}]}, {"move": {"name": "return", "url": "https://pokeapi.co/api/v2/move/216/"}, "version_group_details": [{"level_learned_at": 0, "move_learn_method": {"name": "machine", "url": "https://pokeapi.co/api/v2/move-learn-method/4/"}, "version_group": {"name": "ultra-sun-ultra-moon", "url": "https://pokeapi.co/api/v2/version-group/18/"}}]}, {"move": {"name": "frustration", "url": "https://pokeapi.co/api/v2/move/218/"}, "version_group_details": [{"level_learned_at": 0, "move_learn_method": {"name": "machine", "url": "https://pokeapi.co/api/v2/move-learn-method/4/"}, "version_group": {"name": "ultra-sun-ultra-moon", "url": "https://pokeapi.co/api/v2/version-group/18/"}}]}, {"move": {"name": "hidden-power", "url": "https://pokeapi.co/api/v2/move/237/"}, "version_group_details": [{"level_learned_at": 0, "move_learn_method": {"name": "machine", "url": "https://pokeapi.co/api/v2/move-learn-method/4/"}, "version_group": {"name": "ultra-sun-ultra-moon", "url": "https://pokeapi.co/api/v2/version-group/18/"}}]}, {"move": {"name": "facade", "url": "https://pokeapi.co/api/v2/move/263/"}, "version_group_details": [{"level_learned_at": 0, "move_learn_method": {"name": "machine", "url": "https://pokeapi.co/api/v2/move-learn-method/4/"}, "version_group": {"name": "ultra-sun-ultra-moon", "url": "https://pokeapi.co/api/v2/version-group/18/"}}]}, {"move": {"name": "charge", "url": "https://pokeapi.co/api/v2/move/268/"}, "version_group_details": [{"level_learned_at": 13, "move_learn_method": {"name": "level-up", "url": "https://pokeapi.co/api/v2/move-learn-method/1/"}, "version_group": {"name": "ultra-sun-ultra-moon", "url": "https://pokeapi.co/api/v2/version-group/18/"}}]}, {"move": {"name": "gyro-ball", "url": "https://pokeapi.co/api/v2/move/360/"}, "version_group_details": [{"level_learned_at": 0, "move_learn_method": {"name": "machine", "url": "https://pokeapi.co/api/v2/move-learn-method/4/"}, "version_group": {"name": "ultra-sun-ultra-moon", "url": "https://pokeapi.co/api/v2/version-group/18/"}}]}, {"move": {"name": "u-turn", "url": "https://pokeapi.co/api/v2/move/369/"}, "version_group_details": [{"level_learned_at": 0, "move_learn_method": {"name": "machine", "url": "https://pokeapi.co/api/v2/move-learn-method/4/"}, "version_group": {"name": "ultra-sun-ultra-moon", "url": "https://pokeapi.co/api/v2/version-group/18/"}}]}, {"move": {"name": "payback", "url": "https://pokeapi.co/api/v2/move/371/"}, "version_group_details": [{"level_learned_at": 0, "move_learn_method": {"name": "machine", "url": "https://pokeapi.co/api/v2/move-learn-method/4/"}, "version_group": {"name": "ultra-sun-ultra-moon", "url": "https://pokeapi.co/api/v2/version-group/18/"}}]}, {"move": {"name": "fling", "url": "https://pokeapi.co/api/v2/move/374/"}, "version_group_details": [{"level_learned_at": 0, "move_learn_method": {"name": "machine", "url": "https://pokeapi.co/api/v2/move-learn-method/4/"}, "version_group": {"name": "ultra-sun-ultra-moon", "url": "https://pokeapi.co/api/v2/version-group/18/"}}]}, {"move": {"name": "magnet-rise", "url": "https://pokeapi.co/api/v2/move/393/"}, "version_group_details": [{"level_learned_at": 25, "move_learn_method": {"name": "level-up", "url": "https://pokeapi.co/api/v2/move-learn-method/1/"}, "version_group": {"name": "ultra-sun-ultra-moon", "url": "https://pokeapi.co/api/v2/version-group/18/"}}]}, {"move": {"name": "poison-jab", "url": "https://pokeapi.co/api/v2/move/398/"}, "version_group_details": [{"level_learned_at": 0, "move_learn_method": {"name": "machine", "url": "https://pokeapi.co/api/v2/move-learn-method/4/"}, "version_group": {"name": "ultra-sun-ultra-moon", "url": "https://pokeapi.co/api/v2/version-group/18/"}}]}, {"move": {"name": "giga-impact", "url": "https://pokeapi.co/api/v2/move/416/"}, "version_group_details": [{"level_learned_at": 0, "move_learn_method": {"name": "machine", "url": "https://pokeapi.co/api/v2/move-learn-method/4/"}, "version_group": {"name": "ultra-sun-ultra-moon", "url": "https://pokeapi.co/api/v2/version-group/18/"}}]}, {"move": {"name": "discharge", "url": "https://pokeapi.co/api/v2/move/435/"}, "version_group_details": [{"level_learned_at": 29, "move_learn_method": {"name": "level-up", "url": "https://pokeapi.co/api/v2/move-learn-method/1/"}, "version_group": {"name": "ultra-sun-ultra-moon", "url": "https://pokeapi.co/api/v2/version-group/18/"}}]}, {"move": {"name": "grass-knot", "url": "https://pokeapi.co/api/v2/move/447/"}, "version_group_details": [{"level_learned_at": 0, "move_learn_method": {"name": "machine", "url": "https://pokeapi.co/api/v2/move-learn-method/4/"}, "version_group": {"name": "ultra-sun-ultra-moon", "url": "https://pokeapi.co/api/v2/version-group/18/"}}]}, {"move": {"name": "charge-beam", "url": "https://pokeapi.co/api/v2/move/451/"}, "version_group_details": [{"level_learned_at": 0, "move_learn_method": {"name": "machine", "url": "https://pokeapi.co/api/v2/move-learn-method/4/"}, "version_group": {"name": "ultra-sun-ultra-moon", "url": "https://pokeapi.co/api/v2/version-group/18/"}}]}, {"move": {"name": "round", "url": "https://pokeapi.co/api/v2/move/496/"}, "version_group_details": [{"level_learned_at": 0, "move_learn_method": {"name": "machine", "url": "https://pokeapi.co/api/v2/move-learn-method/4/"}, "version_group": {"name": "ultra-sun-ultra-moon", "url": "https://pokeapi.co/api/v2/version-group/18/"}}]}, {"move": {"name": "volt-switch", "url": "https://pokeapi.co/api/v2/move/521/"}, "version_group_details": [{"level_learned_at": 0, "move_learn_method": {"name": "machine", "url": "https://pokeapi.co/api/v2/move-learn-method/4/"}, "version_group": {"name": "ultra-sun-ultra-moon", "url": "https://pokeapi.co/api/v2/version-group/18/"}}]}, {"move": {"name": "work-up", "url": "https://pokeapi.co/api/v2/move/526/"}, "version_group_details": [{"level_learned_at": 0, "move_learn_method": {"name": "machine", "url": "https://pokeapi.co/api/v2/move-learn-method/4/"}, "version_group": {"name": "ultra-sun-ultra-moon", "url": "https://pokeapi.co/api/v2/version-group/18/"}}]}, {"move": {"name": "wild-charge", "url": "https://pokeapi.co/api/v2/move/528/"}, "version_group_details": [{"level_learned_at": 0, "move_learn_method": {"name": "machine", "url": "https://pokeapi.co/api/v2/move-learn-method/4/"}, "version_group": {"name": "ultra-sun-ultra-moon", "url": "https://pokeapi.co/api/v2/version-group/18/"}}, {"level_learned_at": 41, "move_learn_method": {"name": "level-up", "url": "https://pokeapi.co/api/v2/move-learn-method/1/"}, "version_group": {"name": "ultra-sun-ultra-moon", "url": "https://pokeapi.co/api/v2/version-group/18/"}}]}, {"move": {"name": "fell-stinger", "url": "https://pokeapi.co/api/v2/move/565/"}, "version_group_details": [{"level_learned_at": 53, "move_learn_method": {"name": "level-up", "url": "https://pokeapi.co/api/v2/move-learn-method/1/"}, "version_group": {"name": "ultra-sun-ultra-moon", "url": "https://pokeapi.co/api/v2/version-group/18/"}}]}, {"move": {"name": "confide", "url": "https://pokeapi.co/api/v2/move/590/"}, "version_group_details": [{"level_learned_at": 0, "move_learn_method": {"name": "machine", "url": "https://pokeapi.co/api/v2/move-learn-method/4/"}, "version_group": {"name": "ultra-sun-ultra-moon", "url": "https://pokeapi.co/api/v2/version-group/18/"}}]}, {"move": {"name": "spiky-shield", "url": "https://pokeapi.co/api/v2/move/596/"}, "version_group_details": [{"level_learned_at": 49, "move_learn_method": {"name": "level-up", "url": "https://pokeapi.co/api/v2/move-learn-method/1/"}, "version_group": {"name": "ultra-sun-ultra-moon", "url": "https://pokeapi.co/api/v2/version-group/18/"}}]}, {"move": {"name": "electric-terrain", "url": "https://pokeapi.co/api/v2/move/604/"}, "version_group_details": [{"level_learned_at": 37, "move_learn_method": {"name": "level-up", "url": "https://pokeapi.co/api/v2/move-learn-method/1/"}, "version_group": {"name": "ultra-sun-ultra-moon", "url": "https://pokeapi.co/api/v2/version-group/18/"}}]}, {"move": {"name": "nuzzle", "url": "https://pokeapi.co/api/v2/move/609/"}, "version_group_details": [{"level_learned_at": 21, "move_learn_method": {"name": "level-up", "url": "https://pokeapi.co/api/v2/move-learn-method/1/"}, "version_group": {"name": "ultra-sun-ultra-moon", "url": "https://pokeapi.co/api/v2/version-group/18/"}}]}, {"move": {"name": "zing-zap", "url": "https://pokeapi.co/api/v2/move/716/"}, "version_group_details": [{"level_learned_at": 33, "move_learn_method": {"name": "level-up", "url": "https://pokeapi.co/api/v2/move-learn-method/1/"}, "version_group": {"name": "ultra-sun-ultra-moon", "url": "https://pokeapi.co/api/v2/version-group/18/"}}]}], "name": "togedemaru-totem", "order": 920, "species": {"name": "togedemaru", "url": "https://pokeapi.co/api/v2/pokemon-species/777/"}, "sprites": {"back_default": null, "back_female": null, "back_shiny": null, "back_shiny_female": null, "front_default": null, "front_female": null, "front_shiny": null, "front_shiny_female": null}, "stats": [{"base_stat": 96, "effort": 0, "stat": {"name": "speed", "url": "https://pokeapi.co/api/v2/stat/6/"}}, {"base_stat": 73, "effort": 0, "stat": {"name": "special-defense", "url": "https://pokeapi.co/api/v2/stat/5/"}}, {"base_stat": 40, "effort": 0, "stat": {"name": "special-attack", "url": "https://pokeapi.co/api/v2/stat/4/"}}, {"base_stat": 63, "effort": 0, "stat": {"name": "defense", "url": "https://pokeapi.co/api/v2/stat/3/"}}, {"base_stat": 98, "effort": 2, "stat": {"name": "attack", "url": "https://pokeapi.co/api/v2/stat/2/"}}, {"base_stat": 65, "effort": 0, "stat": {"name": "hp", "url": "https://pokeapi.co/api/v2/stat/1/"}}], "types": [{"slot": 2, "type": {"name": "steel", "url": "https://pokeapi.co/api/v2/type/9/"}}, {"slot": 1, "type": {"name": "electric", "url": "https://pokeapi.co/api/v2/type/13/"}}], "weight": 130}