{"abilities": [{"ability": {"name": "shed-skin", "url": "https://pokeapi.co/api/v2/ability/61/"}, "is_hidden": false, "slot": 1}], "base_experience": 72, "forms": [{"name": "silcoon", "url": "https://pokeapi.co/api/v2/pokemon-form/266/"}], "game_indices": [{"game_index": 266, "version": {"name": "white-2", "url": "https://pokeapi.co/api/v2/version/22/"}}, {"game_index": 266, "version": {"name": "black-2", "url": "https://pokeapi.co/api/v2/version/21/"}}, {"game_index": 266, "version": {"name": "white", "url": "https://pokeapi.co/api/v2/version/18/"}}, {"game_index": 266, "version": {"name": "black", "url": "https://pokeapi.co/api/v2/version/17/"}}, {"game_index": 266, "version": {"name": "soulsilver", "url": "https://pokeapi.co/api/v2/version/16/"}}, {"game_index": 266, "version": {"name": "heartgold", "url": "https://pokeapi.co/api/v2/version/15/"}}, {"game_index": 266, "version": {"name": "platinum", "url": "https://pokeapi.co/api/v2/version/14/"}}, {"game_index": 266, "version": {"name": "pearl", "url": "https://pokeapi.co/api/v2/version/13/"}}, {"game_index": 266, "version": {"name": "diamond", "url": "https://pokeapi.co/api/v2/version/12/"}}, {"game_index": 291, "version": {"name": "leafgreen", "url": "https://pokeapi.co/api/v2/version/11/"}}, {"game_index": 291, "version": {"name": "firered", "url": "https://pokeapi.co/api/v2/version/10/"}}, {"game_index": 291, "version": {"name": "emerald", "url": "https://pokeapi.co/api/v2/version/9/"}}, {"game_index": 291, "version": {"name": "sapphire", "url": "https://pokeapi.co/api/v2/version/8/"}}, {"game_index": 291, "version": {"name": "ruby", "url": "https://pokeapi.co/api/v2/version/7/"}}], "height": 6, "held_items": [], "id": 266, "is_default": true, "location_area_encounters": "https://pokeapi.co/api/v2/pokemon/266/encounters", "moves": [{"move": {"name": "string-shot", "url": "https://pokeapi.co/api/v2/move/81/"}, "version_group_details": [{"level_learned_at": 0, "move_learn_method": {"name": "tutor", "url": "https://pokeapi.co/api/v2/move-learn-method/3/"}, "version_group": {"name": "heartgold-soulsilver", "url": "https://pokeapi.co/api/v2/version-group/10/"}}]}, {"move": {"name": "harden", "url": "https://pokeapi.co/api/v2/move/106/"}, "version_group_details": [{"level_learned_at": 1, "move_learn_method": {"name": "level-up", "url": "https://pokeapi.co/api/v2/move-learn-method/1/"}, "version_group": {"name": "ultra-sun-ultra-moon", "url": "https://pokeapi.co/api/v2/version-group/18/"}}, {"level_learned_at": 0, "move_learn_method": {"name": "level-up", "url": "https://pokeapi.co/api/v2/move-learn-method/1/"}, "version_group": {"name": "ultra-sun-ultra-moon", "url": "https://pokeapi.co/api/v2/version-group/18/"}}, {"level_learned_at": 1, "move_learn_method": {"name": "level-up", "url": "https://pokeapi.co/api/v2/move-learn-method/1/"}, "version_group": {"name": "sun-moon", "url": "https://pokeapi.co/api/v2/version-group/17/"}}, {"level_learned_at": 0, "move_learn_method": {"name": "level-up", "url": "https://pokeapi.co/api/v2/move-learn-method/1/"}, "version_group": {"name": "sun-moon", "url": "https://pokeapi.co/api/v2/version-group/17/"}}, {"level_learned_at": 7, "move_learn_method": {"name": "level-up", "url": "https://pokeapi.co/api/v2/move-learn-method/1/"}, "version_group": {"name": "omega-ruby-alpha-sapphire", "url": "https://pokeapi.co/api/v2/version-group/16/"}}, {"level_learned_at": 1, "move_learn_method": {"name": "level-up", "url": "https://pokeapi.co/api/v2/move-learn-method/1/"}, "version_group": {"name": "omega-ruby-alpha-sapphire", "url": "https://pokeapi.co/api/v2/version-group/16/"}}, {"level_learned_at": 7, "move_learn_method": {"name": "level-up", "url": "https://pokeapi.co/api/v2/move-learn-method/1/"}, "version_group": {"name": "x-y", "url": "https://pokeapi.co/api/v2/version-group/15/"}}, {"level_learned_at": 1, "move_learn_method": {"name": "level-up", "url": "https://pokeapi.co/api/v2/move-learn-method/1/"}, "version_group": {"name": "x-y", "url": "https://pokeapi.co/api/v2/version-group/15/"}}, {"level_learned_at": 7, "move_learn_method": {"name": "level-up", "url": "https://pokeapi.co/api/v2/move-learn-method/1/"}, "version_group": {"name": "black-2-white-2", "url": "https://pokeapi.co/api/v2/version-group/14/"}}, {"level_learned_at": 1, "move_learn_method": {"name": "level-up", "url": "https://pokeapi.co/api/v2/move-learn-method/1/"}, "version_group": {"name": "black-2-white-2", "url": "https://pokeapi.co/api/v2/version-group/14/"}}, {"level_learned_at": 7, "move_learn_method": {"name": "level-up", "url": "https://pokeapi.co/api/v2/move-learn-method/1/"}, "version_group": {"name": "xd", "url": "https://pokeapi.co/api/v2/version-group/13/"}}, {"level_learned_at": 1, "move_learn_method": {"name": "level-up", "url": "https://pokeapi.co/api/v2/move-learn-method/1/"}, "version_group": {"name": "xd", "url": "https://pokeapi.co/api/v2/version-group/13/"}}, {"level_learned_at": 7, "move_learn_method": {"name": "level-up", "url": "https://pokeapi.co/api/v2/move-learn-method/1/"}, "version_group": {"name": "colosseum", "url": "https://pokeapi.co/api/v2/version-group/12/"}}, {"level_learned_at": 1, "move_learn_method": {"name": "level-up", "url": "https://pokeapi.co/api/v2/move-learn-method/1/"}, "version_group": {"name": "colosseum", "url": "https://pokeapi.co/api/v2/version-group/12/"}}, {"level_learned_at": 7, "move_learn_method": {"name": "level-up", "url": "https://pokeapi.co/api/v2/move-learn-method/1/"}, "version_group": {"name": "black-white", "url": "https://pokeapi.co/api/v2/version-group/11/"}}, {"level_learned_at": 1, "move_learn_method": {"name": "level-up", "url": "https://pokeapi.co/api/v2/move-learn-method/1/"}, "version_group": {"name": "black-white", "url": "https://pokeapi.co/api/v2/version-group/11/"}}, {"level_learned_at": 7, "move_learn_method": {"name": "level-up", "url": "https://pokeapi.co/api/v2/move-learn-method/1/"}, "version_group": {"name": "heartgold-soulsilver", "url": "https://pokeapi.co/api/v2/version-group/10/"}}, {"level_learned_at": 1, "move_learn_method": {"name": "level-up", "url": "https://pokeapi.co/api/v2/move-learn-method/1/"}, "version_group": {"name": "heartgold-soulsilver", "url": "https://pokeapi.co/api/v2/version-group/10/"}}, {"level_learned_at": 7, "move_learn_method": {"name": "level-up", "url": "https://pokeapi.co/api/v2/move-learn-method/1/"}, "version_group": {"name": "platinum", "url": "https://pokeapi.co/api/v2/version-group/9/"}}, {"level_learned_at": 1, "move_learn_method": {"name": "level-up", "url": "https://pokeapi.co/api/v2/move-learn-method/1/"}, "version_group": {"name": "platinum", "url": "https://pokeapi.co/api/v2/version-group/9/"}}, {"level_learned_at": 7, "move_learn_method": {"name": "level-up", "url": "https://pokeapi.co/api/v2/move-learn-method/1/"}, "version_group": {"name": "diamond-pearl", "url": "https://pokeapi.co/api/v2/version-group/8/"}}, {"level_learned_at": 1, "move_learn_method": {"name": "level-up", "url": "https://pokeapi.co/api/v2/move-learn-method/1/"}, "version_group": {"name": "diamond-pearl", "url": "https://pokeapi.co/api/v2/version-group/8/"}}, {"level_learned_at": 7, "move_learn_method": {"name": "level-up", "url": "https://pokeapi.co/api/v2/move-learn-method/1/"}, "version_group": {"name": "firered-leafgreen", "url": "https://pokeapi.co/api/v2/version-group/7/"}}, {"level_learned_at": 1, "move_learn_method": {"name": "level-up", "url": "https://pokeapi.co/api/v2/move-learn-method/1/"}, "version_group": {"name": "firered-leafgreen", "url": "https://pokeapi.co/api/v2/version-group/7/"}}, {"level_learned_at": 7, "move_learn_method": {"name": "level-up", "url": "https://pokeapi.co/api/v2/move-learn-method/1/"}, "version_group": {"name": "emerald", "url": "https://pokeapi.co/api/v2/version-group/6/"}}, {"level_learned_at": 1, "move_learn_method": {"name": "level-up", "url": "https://pokeapi.co/api/v2/move-learn-method/1/"}, "version_group": {"name": "emerald", "url": "https://pokeapi.co/api/v2/version-group/6/"}}, {"level_learned_at": 7, "move_learn_method": {"name": "level-up", "url": "https://pokeapi.co/api/v2/move-learn-method/1/"}, "version_group": {"name": "ruby-sapphire", "url": "https://pokeapi.co/api/v2/version-group/5/"}}, {"level_learned_at": 1, "move_learn_method": {"name": "level-up", "url": "https://pokeapi.co/api/v2/move-learn-method/1/"}, "version_group": {"name": "ruby-sapphire", "url": "https://pokeapi.co/api/v2/version-group/5/"}}]}, {"move": {"name": "iron-defense", "url": "https://pokeapi.co/api/v2/move/334/"}, "version_group_details": [{"level_learned_at": 0, "move_learn_method": {"name": "tutor", "url": "https://pokeapi.co/api/v2/move-learn-method/3/"}, "version_group": {"name": "omega-ruby-alpha-sapphire", "url": "https://pokeapi.co/api/v2/version-group/16/"}}, {"level_learned_at": 0, "move_learn_method": {"name": "tutor", "url": "https://pokeapi.co/api/v2/move-learn-method/3/"}, "version_group": {"name": "black-2-white-2", "url": "https://pokeapi.co/api/v2/version-group/14/"}}, {"level_learned_at": 0, "move_learn_method": {"name": "tutor", "url": "https://pokeapi.co/api/v2/move-learn-method/3/"}, "version_group": {"name": "heartgold-soulsilver", "url": "https://pokeapi.co/api/v2/version-group/10/"}}, {"level_learned_at": 0, "move_learn_method": {"name": "tutor", "url": "https://pokeapi.co/api/v2/move-learn-method/3/"}, "version_group": {"name": "platinum", "url": "https://pokeapi.co/api/v2/version-group/9/"}}]}, {"move": {"name": "bug-bite", "url": "https://pokeapi.co/api/v2/move/450/"}, "version_group_details": [{"level_learned_at": 0, "move_learn_method": {"name": "tutor", "url": "https://pokeapi.co/api/v2/move-learn-method/3/"}, "version_group": {"name": "omega-ruby-alpha-sapphire", "url": "https://pokeapi.co/api/v2/version-group/16/"}}, {"level_learned_at": 0, "move_learn_method": {"name": "tutor", "url": "https://pokeapi.co/api/v2/move-learn-method/3/"}, "version_group": {"name": "black-2-white-2", "url": "https://pokeapi.co/api/v2/version-group/14/"}}, {"level_learned_at": 0, "move_learn_method": {"name": "tutor", "url": "https://pokeapi.co/api/v2/move-learn-method/3/"}, "version_group": {"name": "heartgold-soulsilver", "url": "https://pokeapi.co/api/v2/version-group/10/"}}]}, {"move": {"name": "electroweb", "url": "https://pokeapi.co/api/v2/move/527/"}, "version_group_details": [{"level_learned_at": 0, "move_learn_method": {"name": "tutor", "url": "https://pokeapi.co/api/v2/move-learn-method/3/"}, "version_group": {"name": "omega-ruby-alpha-sapphire", "url": "https://pokeapi.co/api/v2/version-group/16/"}}, {"level_learned_at": 0, "move_learn_method": {"name": "tutor", "url": "https://pokeapi.co/api/v2/move-learn-method/3/"}, "version_group": {"name": "black-2-white-2", "url": "https://pokeapi.co/api/v2/version-group/14/"}}]}], "name": "silcoon", "order": 342, "species": {"name": "silcoon", "url": "https://pokeapi.co/api/v2/pokemon-species/266/"}, "sprites": {"back_default": "https://raw.githubusercontent.com/PokeAPI/sprites/master/sprites/pokemon/back/266.png", "back_female": null, "back_shiny": "https://raw.githubusercontent.com/PokeAPI/sprites/master/sprites/pokemon/back/shiny/266.png", "back_shiny_female": null, "front_default": "https://raw.githubusercontent.com/PokeAPI/sprites/master/sprites/pokemon/266.png", "front_female": null, "front_shiny": "https://raw.githubusercontent.com/PokeAPI/sprites/master/sprites/pokemon/shiny/266.png", "front_shiny_female": null}, "stats": [{"base_stat": 15, "effort": 0, "stat": {"name": "speed", "url": "https://pokeapi.co/api/v2/stat/6/"}}, {"base_stat": 25, "effort": 0, "stat": {"name": "special-defense", "url": "https://pokeapi.co/api/v2/stat/5/"}}, {"base_stat": 25, "effort": 0, "stat": {"name": "special-attack", "url": "https://pokeapi.co/api/v2/stat/4/"}}, {"base_stat": 55, "effort": 2, "stat": {"name": "defense", "url": "https://pokeapi.co/api/v2/stat/3/"}}, {"base_stat": 35, "effort": 0, "stat": {"name": "attack", "url": "https://pokeapi.co/api/v2/stat/2/"}}, {"base_stat": 50, "effort": 0, "stat": {"name": "hp", "url": "https://pokeapi.co/api/v2/stat/1/"}}], "types": [{"slot": 1, "type": {"name": "bug", "url": "https://pokeapi.co/api/v2/type/7/"}}], "weight": 100}